"created_at","id","id_str","text","truncated","entities:hashtags","entities:symbols","entities:user_mentions:screen_name","entities:user_mentions:name","entities:user_mentions:id","entities:user_mentions:id_str","entities:user_mentions:indices","entities:urls","metadata:iso_language_code","metadata:result_type","source","in_reply_to_status_id","in_reply_to_status_id_str","in_reply_to_user_id","in_reply_to_user_id_str","in_reply_to_screen_name","user:id","user:id_str","user:name","user:screen_name","user:location","user:description","user:url","user:entities:description:urls","user:protected","user:followers_count","user:friends_count","user:listed_count","user:created_at","user:favourites_count","user:utc_offset","user:time_zone","user:geo_enabled","user:verified","user:statuses_count","user:lang","user:contributors_enabled","user:is_translator","user:is_translation_enabled","user:profile_background_color","user:profile_background_image_url","user:profile_background_image_url_https","user:profile_background_tile","user:profile_image_url","user:profile_image_url_https","user:profile_link_color","user:profile_sidebar_border_color","user:profile_sidebar_fill_color","user:profile_text_color","user:profile_use_background_image","user:has_extended_profile","user:default_profile","user:default_profile_image","user:following","user:follow_request_sent","user:notifications","user:translator_type","geo","coordinates","place","contributors","retweeted_status:created_at","retweeted_status:id","retweeted_status:id_str","retweeted_status:text","retweeted_status:truncated","retweeted_status:entities:hashtags","retweeted_status:entities:symbols","retweeted_status:entities:user_mentions","retweeted_status:entities:urls:url","retweeted_status:entities:urls:expanded_url","retweeted_status:entities:urls:display_url","retweeted_status:entities:urls:indices","retweeted_status:metadata:iso_language_code","retweeted_status:metadata:result_type","retweeted_status:source","retweeted_status:in_reply_to_status_id","retweeted_status:in_reply_to_status_id_str","retweeted_status:in_reply_to_user_id","retweeted_status:in_reply_to_user_id_str","retweeted_status:in_reply_to_screen_name","retweeted_status:user:id","retweeted_status:user:id_str","retweeted_status:user:name","retweeted_status:user:screen_name","retweeted_status:user:location","retweeted_status:user:description","retweeted_status:user:url","retweeted_status:user:entities:url:urls:url","retweeted_status:user:entities:url:urls:expanded_url","retweeted_status:user:entities:url:urls:display_url","retweeted_status:user:entities:url:urls:indices","retweeted_status:user:entities:description:urls","retweeted_status:user:protected","retweeted_status:user:followers_count","retweeted_status:user:friends_count","retweeted_status:user:listed_count","retweeted_status:user:created_at","retweeted_status:user:favourites_count","retweeted_status:user:utc_offset","retweeted_status:user:time_zone","retweeted_status:user:geo_enabled","retweeted_status:user:verified","retweeted_status:user:statuses_count","retweeted_status:user:lang","retweeted_status:user:contributors_enabled","retweeted_status:user:is_translator","retweeted_status:user:is_translation_enabled","retweeted_status:user:profile_background_color","retweeted_status:user:profile_background_image_url","retweeted_status:user:profile_background_image_url_https","retweeted_status:user:profile_background_tile","retweeted_status:user:profile_image_url","retweeted_status:user:profile_image_url_https","retweeted_status:user:profile_banner_url","retweeted_status:user:profile_link_color","retweeted_status:user:profile_sidebar_border_color","retweeted_status:user:profile_sidebar_fill_color","retweeted_status:user:profile_text_color","retweeted_status:user:profile_use_background_image","retweeted_status:user:has_extended_profile","retweeted_status:user:default_profile","retweeted_status:user:default_profile_image","retweeted_status:user:following","retweeted_status:user:follow_request_sent","retweeted_status:user:notifications","retweeted_status:user:translator_type","retweeted_status:geo","retweeted_status:coordinates","retweeted_status:place:id","retweeted_status:place:url","retweeted_status:place:place_type","retweeted_status:place:name","retweeted_status:place:full_name","retweeted_status:place:country_code","retweeted_status:place:country","retweeted_status:place:contained_within","retweeted_status:place:bounding_box:type","retweeted_status:place:bounding_box:coordinates","retweeted_status:place:attributes","retweeted_status:contributors","retweeted_status:is_quote_status","retweeted_status:retweet_count","retweeted_status:favorite_count","retweeted_status:favorited","retweeted_status:retweeted","retweeted_status:possibly_sensitive","retweeted_status:lang","is_quote_status","retweet_count","favorite_count","favorited","retweeted","lang"
"Mon Apr 01 15:25:16 +0000 2019",1112737700971311105,"1112737700971311105","RT @ImpactImagz: Star light, star bright...don't you wish you were here tonight?  Gress Beach at midnight under a canopy of stars.  #StormH‚Ä¶",FALSE,"()","()","ImpactImagz","Impact Imagz",22552016,"22552016","3","()","en","recent","<a href=""http://twitter.com/#!/download/ipad"" rel=""nofollow"">Twitter for iPad</a>",NA,NA,NA,NA,NA,47125648,"47125648","KateW","windsquill","Ottawa, Canada","Retired librarian, fan of Sens, MUFC, curling, classical music, glorious pictures, and rainbows",NA,"()",FALSE,69,166,0,"Sun Jun 14 16:51:36 +0000 2009",25645,NA,NA,FALSE,FALSE,2867,"en",FALSE,FALSE,FALSE,"0099B9","http://abs.twimg.com/images/themes/theme4/bg.gif","https://abs.twimg.com/images/themes/theme4/bg.gif",FALSE,"http://pbs.twimg.com/profile_images/571499351/NorwayBay1_normal.jpg","https://pbs.twimg.com/profile_images/571499351/NorwayBay1_normal.jpg","0099B9","5ED4DC","95E8EC","3C3940",TRUE,FALSE,FALSE,FALSE,FALSE,FALSE,FALSE,"none",NA,NA,NA,NA,"Mon Apr 01 00:08:47 +0000 2019",1112507062410530818,"1112507062410530818","Star light, star bright...don't you wish you were here tonight?  Gress Beach at midnight under a canopy of stars.‚Ä¶ https://t.co/JCU8tRfkrk",TRUE,"()","()","()","https://t.co/JCU8tRfkrk","https://twitter.com/i/web/status/1112507062410530818","twitter.com/i/web/status/1‚Ä¶","115","en","recent","<a href=""http://twitter.com/download/android"" rel=""nofollow"">Twitter for Android</a>",NA,NA,NA,NA,NA,22552016,"22552016","Impact Imagz","ImpactImagz","Western Isles, Scotland.","Host, freelance photographer, poet, author; very proud granny; maker of pretty good Brownies, home made bread, and other goodies at Mill View Bed and Breakfast","https://t.co/HcYzRAn1BM","https://t.co/HcYzRAn1BM","http://www.facebook.com/impactimagz","facebook.com/impactimagz","0","()",FALSE,1992,1859,41,"Mon Mar 02 23:24:53 +0000 2009",7521,NA,NA,TRUE,FALSE,6110,"en",FALSE,FALSE,FALSE,"000000","http://abs.twimg.com/images/themes/theme1/bg.png","https://abs.twimg.com/images/themes/theme1/bg.png",FALSE,"http://pbs.twimg.com/profile_images/965702158070026243/BBZ5LUfw_normal.jpg","https://pbs.twimg.com/profile_images/965702158070026243/BBZ5LUfw_normal.jpg","https://pbs.twimg.com/profile_banners/22552016/1486863608","1B95E0","000000","000000","000000",FALSE,FALSE,FALSE,FALSE,FALSE,FALSE,FALSE,"none",NA,NA,"0af014accd6f6e99","https://api.twitter.com/1.1/geo/id/0af014accd6f6e99.json","admin","Scotland","Scotland, United Kingdom","GB","United Kingdom","()","Polygon","#(#(-7.66085699743185 54.6336309570711) #(-0.740025000483186 54.6336309570711) #(-0.740025000483186 60.8452769694519) #(-7.66085699743185 60.8452769694519))",(),NA,FALSE,24,101,FALSE,FALSE,FALSE,"en",FALSE,24,0,FALSE,FALSE,"en"
"Mon Apr 01 15:25:16 +0000 2019",1112737700619128833,"1112737700619128833","Made breakfast, went to the gym, got 2 assignments &amp; a quiz done and all before noon... amazing what going to bed b‚Ä¶ https://t.co/K7dyPGdRZo",TRUE,"()","()",NA,NA,NA,NA,NA,"((url . https://t.co/K7dyPGdRZo) (expanded_url . https://twitter.com/i/web/status/1112737700619128833) (display_url . twitter.com/i/web/status/1‚Ä¶) (indices . #(121 144)))","en","recent","<a href=""http://twitter.com/download/iphone"" rel=""nofollow"">Twitter for iPhone</a>",NA,NA,NA,NA,NA,472397039,"472397039","Emily Yellin","emilyyuyellz","Probably watching harry potter","New Jersey |UNC Charlotte| North Carolina | & Hella gay but don‚Äôt worry it‚Äôs not contagious","https://t.co/6MGhVtTRcw","()",FALSE,1131,369,15,"Mon Jan 23 22:20:51 +0000 2012",34864,NA,NA,TRUE,FALSE,24564,"en",FALSE,FALSE,FALSE,"C0DEED","http://abs.twimg.com/images/themes/theme1/bg.png","https://abs.twimg.com/images/themes/theme1/bg.png",FALSE,"http://pbs.twimg.com/profile_images/1082460770250752005/VgGO0pRt_normal.jpg","https://pbs.twimg.com/profile_images/1082460770250752005/VgGO0pRt_normal.jpg","1DA1F2","C0DEED","DDEEF6","333333",TRUE,TRUE,TRUE,FALSE,FALSE,FALSE,FALSE,"none",NA,NA,NA,NA,NA,NA,NA,NA,NA,NA,NA,NA,NA,NA,NA,NA,NA,NA,NA,NA,NA,NA,NA,NA,NA,NA,NA,NA,NA,NA,NA,NA,NA,NA,NA,NA,NA,NA,NA,NA,NA,NA,NA,NA,NA,NA,NA,NA,NA,NA,NA,NA,NA,NA,NA,NA,NA,NA,NA,NA,NA,NA,NA,NA,NA,NA,NA,NA,NA,NA,NA,NA,NA,NA,NA,NA,NA,NA,NA,NA,NA,NA,NA,NA,NA,NA,NA,NA,NA,NA,NA,FALSE,0,0,FALSE,FALSE,"en"
"Mon Apr 01 15:25:15 +0000 2019",1112737697573986306,"1112737697573986306","RT @koreanthingy: do you miss #KRTRADIOSHOW?

how if we on air this midnight?

help retweet ;)",FALSE,"((text . KRTRADIOSHOW) (indices . #(30 43)))","()","koreanthingy","/krt/ - JUALAN? KE @KRTHINGY AJA",935323801801261056,"935323801801261056","3","()","en","recent","<a href=""http://twitter.com/download/android"" rel=""nofollow"">Twitter for Android</a>",NA,NA,NA,NA,NA,1079272055890038784,"1079272055890038784","Sop","sfkhrnsxx","B U C I N   P W J   O S H","[CA/FA] 80% Fangirl | aku random bgt",NA,"()",FALSE,977,1032,1,"Sun Dec 30 07:04:44 +0000 2018",190,NA,NA,FALSE,FALSE,4834,"en",FALSE,FALSE,FALSE,"F5F8FA",NA,NA,FALSE,"http://pbs.twimg.com/profile_images/1112225035983314944/-WXAyFCn_normal.jpg","https://pbs.twimg.com/profile_images/1112225035983314944/-WXAyFCn_normal.jpg","1DA1F2","C0DEED","DDEEF6","333333",TRUE,TRUE,TRUE,FALSE,FALSE,FALSE,FALSE,"none",NA,NA,NA,NA,"Mon Apr 01 15:22:57 +0000 2019",1112737119221354496,"1112737119221354496","do you miss #KRTRADIOSHOW?

how if we on air this midnight?

help retweet ;)",FALSE,"((text . KRTRADIOSHOW) (indices . #(12 25)))","()","()",NA,NA,NA,NA,"en","recent","<a href=""http://twitter.com/download/android"" rel=""nofollow"">Twitter for Android</a>",NA,NA,NA,NA,NA,935323801801261056,"935323801801261056","/krt/ - JUALAN? KE @KRTHINGY AJA","koreanthingy","","sub @rlthingy | DM dgn /krt/ untuk autopost | RULES LANGGAR = BLOCK : NO OOT : NO WAR : NO ROLEPLAYER : NO PROMOTE BASE : JANGAN JUALAN KECUALI YG PAID PROMOTE","https://t.co/hIfhwf1vxs","https://t.co/hIfhwf1vxs","http://koreanthingy.radiostream321.com","koreanthingy.radiostream321.com","0","()",FALSE,92068,13519,1002,"Tue Nov 28 01:45:46 +0000 2017",93,NA,NA,FALSE,FALSE,383393,"en",FALSE,FALSE,FALSE,"F5F8FA",NA,NA,FALSE,"http://pbs.twimg.com/profile_images/1075362576496644096/kU9lo03Y_normal.jpg","https://pbs.twimg.com/profile_images/1075362576496644096/kU9lo03Y_normal.jpg","https://pbs.twimg.com/profile_banners/935323801801261056/1539787994","1DA1F2","C0DEED","DDEEF6","333333",TRUE,FALSE,TRUE,FALSE,FALSE,FALSE,FALSE,"none",NA,NA,"null","null","null","null","null","null","null","null","null","null","null",NA,FALSE,45,0,FALSE,FALSE,NA,"en",FALSE,45,0,FALSE,FALSE,"en"
"Mon Apr 01 15:25:14 +0000 2019",1112737695086698496,"1112737695086698496","RT @koreanthingy: do you miss #KRTRADIOSHOW?

how if we on air this midnight?

help retweet ;)",FALSE,"((text . KRTRADIOSHOW) (indices . #(30 43)))","()","koreanthingy","/krt/ - JUALAN? KE @KRTHINGY AJA",935323801801261056,"935323801801261056","3","()","en","recent","<a href=""http://twitter.com/download/android"" rel=""nofollow"">Twitter for Android</a>",NA,NA,NA,NA,NA,1667148997,"1667148997","permisii..","bleedongmz","","Ikonic? Mari bermutual",NA,"()",FALSE,133,314,0,"Tue Aug 13 07:38:34 +0000 2013",1542,NA,NA,TRUE,FALSE,6966,"en",FALSE,FALSE,TRUE,"C0DEED","http://abs.twimg.com/images/themes/theme1/bg.png","https://abs.twimg.com/images/themes/theme1/bg.png",TRUE,"http://pbs.twimg.com/profile_images/1112373731794378754/6r3DyHu0_normal.jpg","https://pbs.twimg.com/profile_images/1112373731794378754/6r3DyHu0_normal.jpg","85C6DE","FFFFFF","DDEEF6","333333",TRUE,TRUE,FALSE,FALSE,FALSE,FALSE,FALSE,"none",NA,NA,NA,NA,"Mon Apr 01 15:22:57 +0000 2019",1112737119221354496,"1112737119221354496","do you miss #KRTRADIOSHOW?

how if we on air this midnight?

help retweet ;)",FALSE,"((text . KRTRADIOSHOW) (indices . #(12 25)))","()","()",NA,NA,NA,NA,"en","recent","<a href=""http://twitter.com/download/android"" rel=""nofollow"">Twitter for Android</a>",NA,NA,NA,NA,NA,935323801801261056,"935323801801261056","/krt/ - JUALAN? KE @KRTHINGY AJA","koreanthingy","","sub @rlthingy | DM dgn /krt/ untuk autopost | RULES LANGGAR = BLOCK : NO OOT : NO WAR : NO ROLEPLAYER : NO PROMOTE BASE : JANGAN JUALAN KECUALI YG PAID PROMOTE","https://t.co/hIfhwf1vxs","https://t.co/hIfhwf1vxs","http://koreanthingy.radiostream321.com","koreanthingy.radiostream321.com","0","()",FALSE,92068,13519,1002,"Tue Nov 28 01:45:46 +0000 2017",93,NA,NA,FALSE,FALSE,383393,"en",FALSE,FALSE,FALSE,"F5F8FA",NA,NA,FALSE,"http://pbs.twimg.com/profile_images/1075362576496644096/kU9lo03Y_normal.jpg","https://pbs.twimg.com/profile_images/1075362576496644096/kU9lo03Y_normal.jpg","https://pbs.twimg.com/profile_banners/935323801801261056/1539787994","1DA1F2","C0DEED","DDEEF6","333333",TRUE,FALSE,TRUE,FALSE,FALSE,FALSE,FALSE,"none",NA,NA,"null","null","null","null","null","null","null","null","null","null","null",NA,FALSE,45,0,FALSE,FALSE,NA,"en",FALSE,45,0,FALSE,FALSE,"en"
"Mon Apr 01 15:25:12 +0000 2019",1112737686224293889,"1112737686224293889","RT @stephanievasko: The only moments I‚Äôve been getting in time to write about #AI seem to be close to midnight when I‚Äôm blasting #Grimes or‚Ä¶",FALSE,"((text . AI) (indices . #(78 81)))","()","stephanievasko","Stephanie Vasko",1273002043,"1273002043","3","()","en","recent","<a href=""https://mobile.twitter.com"" rel=""nofollow"">Twitter Web App</a>",NA,NA,NA,NA,NA,1108673193680736256,"1108673193680736256","Charis Brinley","simpcompcrissut","","‚úå","https://t.co/AU9LwBuP07","()",FALSE,1,10,0,"Thu Mar 21 10:14:22 +0000 2019",56,NA,NA,FALSE,FALSE,39,"en",FALSE,FALSE,FALSE,"F5F8FA",NA,NA,FALSE,"http://pbs.twimg.com/profile_images/1110722542153674753/PRTp5BPh_normal.jpg","https://pbs.twimg.com/profile_images/1110722542153674753/PRTp5BPh_normal.jpg","1DA1F2","C0DEED","DDEEF6","333333",TRUE,FALSE,TRUE,FALSE,FALSE,FALSE,FALSE,"none",NA,NA,NA,NA,"Mon Apr 01 03:56:31 +0000 2019",1112564371111272448,"1112564371111272448","The only moments I‚Äôve been getting in time to write about #AI seem to be close to midnight when I‚Äôm blasting‚Ä¶ https://t.co/TV5BqCnJiR",TRUE,"((text . AI) (indices . #(58 61)))","()","()","https://t.co/TV5BqCnJiR","https://twitter.com/i/web/status/1112564371111272448","twitter.com/i/web/status/1‚Ä¶","110","en","recent","<a href=""https://about.twitter.com/products/tweetdeck"" rel=""nofollow"">TweetDeck</a>",NA,NA,NA,NA,NA,1273002043,"1273002043","Stephanie Vasko","stephanievasko","(Opinions/tweets/etc my own)","Managing Director for MSU's Center for Interdisciplinarity @MSUC4I, #artist & #maker, #machinelearning researcher, #fitness enthusiast, #communitymanager","http://t.co/DcfK5nXhUm","http://t.co/DcfK5nXhUm","http://www.stephanievasko.com","stephanievasko.com","0","()",FALSE,642,745,41,"Sat Mar 16 18:28:31 +0000 2013",3375,NA,NA,FALSE,FALSE,1049,"en",FALSE,FALSE,FALSE,"642D8B","http://abs.twimg.com/images/themes/theme10/bg.gif","https://abs.twimg.com/images/themes/theme10/bg.gif",TRUE,"http://pbs.twimg.com/profile_images/818908097485869056/KRNdPire_normal.jpg","https://pbs.twimg.com/profile_images/818908097485869056/KRNdPire_normal.jpg","https://pbs.twimg.com/profile_banners/1273002043/1422457492","FF0000","65B0DA","7AC3EE","3D1957",TRUE,FALSE,FALSE,FALSE,FALSE,FALSE,FALSE,"none",NA,NA,"null","null","null","null","null","null","null","null","null","null","null",NA,FALSE,1,4,FALSE,FALSE,NA,"en",FALSE,1,0,FALSE,FALSE,"en"
"Mon Apr 01 15:25:12 +0000 2019",1112737684886355969,"1112737684886355969","„Åó„Åî„Åä„Çè
Midnight works„Å™„Çì„Åô„Åë„Å©
Êó•‰ªòÂ§â„Çè„Å£„Å¶„Çã„Çì„Åô„Åë„Å©
4ÊúàÂßã„Åæ„Å£„Å¶„Åô„Åê„Å´„Åì„Çå„Åã„Çà
„Åó„Çì„Å©„ÅÑ„ÄÅÂàáÂÆü„Å´Áôí„Åó„ÅåÊ¨≤„Åó„ÅÑ",FALSE,"()","()",NA,NA,NA,NA,NA,"()","ja","recent","<a href=""http://twitter.com/download/iphone"" rel=""nofollow"">Twitter for iPhone</a>",NA,NA,NA,NA,NA,2900042340,"2900042340","Ê©ò„Å£„Å°„ÇÉ„Çìüçä‚ú© „Äñfuckin'works!!!„Äó","KBskyphoto0101","Èúû„É∂Êµ¶Â§ßÊ©ã‰∏ãÂ±Ö‰ΩèË®àÁîª","Êù±ÊñπProject/orangestar/„Éë„Ç∫„Éâ„É©/ÈÅäÊàØÁéã(ÔΩ∫ÔΩ±ÔΩ∑ÔæíÔΩ≤Ôæô.ÔΩ∏ÔæõÔΩ∞ÔæóÔΩ∞.ÊñπÁïå)/„ÉÄ„É≥„Çπ„É©/undertale/„É¢„É≥Â®ò/27ÈÄ£Âã§ÈÅîÊàê„ÅÆ21Ê≠≥Á§æ‰ºö‰∫∫„ÄÇÔºÉ„Ç§„Éä„Ç´„Éé„ÇΩ„É©Á¥π‰ªãÁè≠ ËÄÉÊ°àËÄÖ„ÄÇ„Éï„Ç©„É≠„Éê„ÅØ„Åæ„Å°„Åæ„Å°",NA,"()",FALSE,146,144,5,"Sat Nov 15 07:11:08 +0000 2014",10634,NA,NA,TRUE,FALSE,7587,"ja",FALSE,FALSE,FALSE,"C0DEED","http://abs.twimg.com/images/themes/theme1/bg.png","https://abs.twimg.com/images/themes/theme1/bg.png",FALSE,"http://pbs.twimg.com/profile_images/1101849951657574401/nZrRiuPR_normal.jpg","https://pbs.twimg.com/profile_images/1101849951657574401/nZrRiuPR_normal.jpg","1DA1F2","C0DEED","DDEEF6","333333",TRUE,TRUE,TRUE,FALSE,FALSE,FALSE,FALSE,"none",NA,NA,NA,NA,NA,NA,NA,NA,NA,NA,NA,NA,NA,NA,NA,NA,NA,NA,NA,NA,NA,NA,NA,NA,NA,NA,NA,NA,NA,NA,NA,NA,NA,NA,NA,NA,NA,NA,NA,NA,NA,NA,NA,NA,NA,NA,NA,NA,NA,NA,NA,NA,NA,NA,NA,NA,NA,NA,NA,NA,NA,NA,NA,NA,NA,NA,NA,NA,NA,NA,NA,NA,NA,NA,NA,NA,NA,NA,NA,NA,NA,NA,NA,NA,NA,NA,NA,NA,NA,NA,NA,FALSE,0,0,FALSE,FALSE,"ja"
"Mon Apr 01 15:25:12 +0000 2019",1112737684580032512,"1112737684580032512","RT @koreanthingy: do you miss #KRTRADIOSHOW?

how if we on air this midnight?

help retweet ;)",FALSE,"((text . KRTRADIOSHOW) (indices . #(30 43)))","()","koreanthingy","/krt/ - JUALAN? KE @KRTHINGY AJA",935323801801261056,"935323801801261056","3","()","en","recent","<a href=""http://twitter.com/download/android"" rel=""nofollow"">Twitter for Android</a>",NA,NA,NA,NA,NA,1039185053689950208,"1039185053689950208","ONGSEONGWU_Staff","kingusinofsloth","","",NA,"()",FALSE,1,35,0,"Mon Sep 10 16:13:18 +0000 2018",1743,NA,NA,FALSE,FALSE,1337,"en",FALSE,FALSE,FALSE,"F5F8FA",NA,NA,FALSE,"http://pbs.twimg.com/profile_images/1112524827783380992/9r_RdFH1_normal.jpg","https://pbs.twimg.com/profile_images/1112524827783380992/9r_RdFH1_normal.jpg","1DA1F2","C0DEED","DDEEF6","333333",TRUE,FALSE,TRUE,FALSE,FALSE,FALSE,FALSE,"none",NA,NA,NA,NA,"Mon Apr 01 15:22:57 +0000 2019",1112737119221354496,"1112737119221354496","do you miss #KRTRADIOSHOW?

how if we on air this midnight?

help retweet ;)",FALSE,"((text . KRTRADIOSHOW) (indices . #(12 25)))","()","()",NA,NA,NA,NA,"en","recent","<a href=""http://twitter.com/download/android"" rel=""nofollow"">Twitter for Android</a>",NA,NA,NA,NA,NA,935323801801261056,"935323801801261056","/krt/ - JUALAN? KE @KRTHINGY AJA","koreanthingy","","sub @rlthingy | DM dgn /krt/ untuk autopost | RULES LANGGAR = BLOCK : NO OOT : NO WAR : NO ROLEPLAYER : NO PROMOTE BASE : JANGAN JUALAN KECUALI YG PAID PROMOTE","https://t.co/hIfhwf1vxs","https://t.co/hIfhwf1vxs","http://koreanthingy.radiostream321.com","koreanthingy.radiostream321.com","0","()",FALSE,92068,13519,1002,"Tue Nov 28 01:45:46 +0000 2017",93,NA,NA,FALSE,FALSE,383393,"en",FALSE,FALSE,FALSE,"F5F8FA",NA,NA,FALSE,"http://pbs.twimg.com/profile_images/1075362576496644096/kU9lo03Y_normal.jpg","https://pbs.twimg.com/profile_images/1075362576496644096/kU9lo03Y_normal.jpg","https://pbs.twimg.com/profile_banners/935323801801261056/1539787994","1DA1F2","C0DEED","DDEEF6","333333",TRUE,FALSE,TRUE,FALSE,FALSE,FALSE,FALSE,"none",NA,NA,"null","null","null","null","null","null","null","null","null","null","null",NA,FALSE,45,0,FALSE,FALSE,NA,"en",FALSE,45,0,FALSE,FALSE,"en"
"Mon Apr 01 15:25:11 +0000 2019",1112737681396490241,"1112737681396490241","Iyak ako sa midnight sun eh. Hehe",FALSE,"()","()",NA,NA,NA,NA,NA,"()","tl","recent","<a href=""http://twitter.com/download/android"" rel=""nofollow"">Twitter for Android</a>",NA,NA,NA,NA,NA,708842599323344896,"708842599323344896","crescent","JheroPegasus","Marikina City","Shredded Jelly xx Awesome Pearls","https://t.co/xq1S9QKMt3","()",FALSE,297,281,0,"Sun Mar 13 02:30:20 +0000 2016",7847,NA,NA,TRUE,FALSE,6820,"en",FALSE,FALSE,FALSE,"000000","http://abs.twimg.com/images/themes/theme1/bg.png","https://abs.twimg.com/images/themes/theme1/bg.png",FALSE,"http://pbs.twimg.com/profile_images/1111235941299961856/KAHVZnbw_normal.jpg","https://pbs.twimg.com/profile_images/1111235941299961856/KAHVZnbw_normal.jpg","ABB8C2","000000","000000","000000",FALSE,TRUE,FALSE,FALSE,FALSE,FALSE,FALSE,"none",NA,NA,NA,NA,NA,NA,NA,NA,NA,NA,NA,NA,NA,NA,NA,NA,NA,NA,NA,NA,NA,NA,NA,NA,NA,NA,NA,NA,NA,NA,NA,NA,NA,NA,NA,NA,NA,NA,NA,NA,NA,NA,NA,NA,NA,NA,NA,NA,NA,NA,NA,NA,NA,NA,NA,NA,NA,NA,NA,NA,NA,NA,NA,NA,NA,NA,NA,NA,NA,NA,NA,NA,NA,NA,NA,NA,NA,NA,NA,NA,NA,NA,NA,NA,NA,NA,NA,NA,NA,NA,NA,FALSE,0,0,FALSE,FALSE,"tl"
"Mon Apr 01 15:25:10 +0000 2019",1112737678196424705,"1112737678196424705","Ôº£ÔºØÔº∂Ôº•Ôº≤„ÄÄÔº≤Ôº•Ôº∂Ôº•Ôº°Ôº¨„ÄÄ&amp;„ÄÄÔº∞Ôº≤Ôº•ÔºØÔº≤Ôº§Ôº•Ôº≤
Royal Intentions
Janae Keyes

Cover Artist: Juliana Cabrera with Jersey Girl Designs

Ôº¢Ôº¨ÔºµÔº≤Ôº¢‚Ä¶ https://t.co/ICsgrX4Cnw",TRUE,"()","()",NA,NA,NA,NA,NA,"((url . https://t.co/ICsgrX4Cnw) (expanded_url . https://twitter.com/i/web/status/1112737678196424705) (display_url . twitter.com/i/web/status/1‚Ä¶) (indices . #(121 144)))","en","recent","<a href=""http://www.facebook.com/twitter"" rel=""nofollow"">Facebook</a>",NA,NA,NA,NA,NA,825787568944009216,"825787568944009216","Sandra","SandraLovesRead","London, England","Love books and reading. And tatted men! :)",NA,"()",FALSE,71,5,4,"Sun Jan 29 19:27:53 +0000 2017",93,NA,NA,FALSE,FALSE,16186,"en-gb",FALSE,FALSE,FALSE,"F5F8FA",NA,NA,FALSE,"http://pbs.twimg.com/profile_images/900792788886925312/UVkrBBs2_normal.jpg","https://pbs.twimg.com/profile_images/900792788886925312/UVkrBBs2_normal.jpg","1DA1F2","C0DEED","DDEEF6","333333",TRUE,FALSE,TRUE,FALSE,FALSE,FALSE,FALSE,"none",NA,NA,NA,NA,NA,NA,NA,NA,NA,NA,NA,NA,NA,NA,NA,NA,NA,NA,NA,NA,NA,NA,NA,NA,NA,NA,NA,NA,NA,NA,NA,NA,NA,NA,NA,NA,NA,NA,NA,NA,NA,NA,NA,NA,NA,NA,NA,NA,NA,NA,NA,NA,NA,NA,NA,NA,NA,NA,NA,NA,NA,NA,NA,NA,NA,NA,NA,NA,NA,NA,NA,NA,NA,NA,NA,NA,NA,NA,NA,NA,NA,NA,NA,NA,NA,NA,NA,NA,NA,NA,NA,FALSE,0,0,FALSE,FALSE,"en"
"Mon Apr 01 15:25:07 +0000 2019",1112737662689898501,"1112737662689898501","RT @koreanthingy: do you miss #KRTRADIOSHOW?

how if we on air this midnight?

help retweet ;)",FALSE,"((text . KRTRADIOSHOW) (indices . #(30 43)))","()","koreanthingy","/krt/ - JUALAN? KE @KRTHINGY AJA",935323801801261056,"935323801801261056","3","()","en","recent","<a href=""http://twitter.com/download/android"" rel=""nofollow"">Twitter for Android</a>",NA,NA,NA,NA,NA,1073109284504821760,"1073109284504821760","Non-Maj","anggunpap","Jawa Tengah, Indonesia","Akun baru | Muggle",NA,"()",FALSE,44,149,0,"Thu Dec 13 06:56:05 +0000 2018",239,NA,NA,FALSE,FALSE,353,"id",FALSE,FALSE,FALSE,"F5F8FA",NA,NA,FALSE,"http://pbs.twimg.com/profile_images/1108208064182669312/2b9opT7S_normal.jpg","https://pbs.twimg.com/profile_images/1108208064182669312/2b9opT7S_normal.jpg","1DA1F2","C0DEED","DDEEF6","333333",TRUE,FALSE,TRUE,FALSE,FALSE,FALSE,FALSE,"none",NA,NA,NA,NA,"Mon Apr 01 15:22:57 +0000 2019",1112737119221354496,"1112737119221354496","do you miss #KRTRADIOSHOW?

how if we on air this midnight?

help retweet ;)",FALSE,"((text . KRTRADIOSHOW) (indices . #(12 25)))","()","()",NA,NA,NA,NA,"en","recent","<a href=""http://twitter.com/download/android"" rel=""nofollow"">Twitter for Android</a>",NA,NA,NA,NA,NA,935323801801261056,"935323801801261056","/krt/ - JUALAN? KE @KRTHINGY AJA","koreanthingy","","sub @rlthingy | DM dgn /krt/ untuk autopost | RULES LANGGAR = BLOCK : NO OOT : NO WAR : NO ROLEPLAYER : NO PROMOTE BASE : JANGAN JUALAN KECUALI YG PAID PROMOTE","https://t.co/hIfhwf1vxs","https://t.co/hIfhwf1vxs","http://koreanthingy.radiostream321.com","koreanthingy.radiostream321.com","0","()",FALSE,92068,13519,1002,"Tue Nov 28 01:45:46 +0000 2017",93,NA,NA,FALSE,FALSE,383393,"en",FALSE,FALSE,FALSE,"F5F8FA",NA,NA,FALSE,"http://pbs.twimg.com/profile_images/1075362576496644096/kU9lo03Y_normal.jpg","https://pbs.twimg.com/profile_images/1075362576496644096/kU9lo03Y_normal.jpg","https://pbs.twimg.com/profile_banners/935323801801261056/1539787994","1DA1F2","C0DEED","DDEEF6","333333",TRUE,FALSE,TRUE,FALSE,FALSE,FALSE,FALSE,"none",NA,NA,"null","null","null","null","null","null","null","null","null","null","null",NA,FALSE,45,0,FALSE,FALSE,NA,"en",FALSE,45,0,FALSE,FALSE,"en"
"Mon Apr 01 15:25:07 +0000 2019",1112737662622785537,"1112737662622785537","RT @bts_geek_stats: üìà As of midnight KST (April 2), pre-orders for @BTS_twt's MAP OF THE SOUL: PERSONA have surpassed 154.5k on Ktown4u.‚Ä¶",FALSE,"()","()","bts_geek_stats","BTS: Bring The Stats",982753959998877698,"982753959998877698","3","()","en","recent","<a href=""http://twitter.com/download/android"" rel=""nofollow"">Twitter for Android</a>",NA,NA,NA,NA,NA,2909056820,"2909056820","ÎÇòÎãπüê®üê≠üê±üêøüê•üêØüê∞","kny1205","","Ìà¨ÌëúÍ≥Ñ+Í∏∞Î°ùÏ†ÄÏû•Í≥Ñ+Í∑∏Ïô∏ÎÇ¥ÎßòÎåÄÎ°úÍ≥Ñ",NA,"()",FALSE,29,125,0,"Mon Nov 24 12:23:32 +0000 2014",1125,NA,NA,FALSE,FALSE,3955,"ko",FALSE,FALSE,FALSE,"C0DEED","http://abs.twimg.com/images/themes/theme1/bg.png","https://abs.twimg.com/images/themes/theme1/bg.png",FALSE,"http://pbs.twimg.com/profile_images/1097512458053287936/bWMX2Tl-_normal.jpg","https://pbs.twimg.com/profile_images/1097512458053287936/bWMX2Tl-_normal.jpg","1DA1F2","C0DEED","DDEEF6","333333",TRUE,FALSE,TRUE,FALSE,FALSE,FALSE,FALSE,"none",NA,NA,NA,NA,"Mon Apr 01 15:09:21 +0000 2019",1112733695054700544,"1112733695054700544","üìà As of midnight KST (April 2), pre-orders for @BTS_twt's MAP OF THE SOUL: PERSONA have surpassed 154.5k on Ktown4u‚Ä¶ https://t.co/561nOSSCnY",TRUE,"()","()","((screen_name . BTS_twt) (name . Î∞©ÌÉÑÏÜåÎÖÑÎã®) (id . 335141638) (id_str . 335141638) (indices . #(47 55)))","https://t.co/561nOSSCnY","https://twitter.com/i/web/status/1112733695054700544","twitter.com/i/web/status/1‚Ä¶","117","en","recent","<a href=""http://twitter.com"" rel=""nofollow"">Twitter Web Client</a>",NA,NA,NA,NA,NA,982753959998877698,"982753959998877698","BTS: Bring The Stats","bts_geek_stats","To Infinity And Beyond","Bringing you a complete set of graphs, stats and insights about everything @BTS_twt üìä | ¬©Ô∏è Please take out with full credits.","https://t.co/7tzCyRjwQl","https://t.co/7tzCyRjwQl","https://www.instagram.com/bts_geek_stats/","instagram.com/bts_geek_stats/","0","()",FALSE,50382,60,337,"Sat Apr 07 22:56:17 +0000 2018",94,NA,NA,FALSE,FALSE,1852,"en",FALSE,FALSE,FALSE,"F5F8FA",NA,NA,FALSE,"http://pbs.twimg.com/profile_images/1110993992840302594/jRtA7gID_normal.png","https://pbs.twimg.com/profile_images/1110993992840302594/jRtA7gID_normal.png","https://pbs.twimg.com/profile_banners/982753959998877698/1553716567","1DA1F2","C0DEED","DDEEF6","333333",TRUE,FALSE,TRUE,FALSE,FALSE,FALSE,FALSE,"none",NA,NA,"null","null","null","null","null","null","null","null","null","null","null",NA,FALSE,426,617,FALSE,FALSE,FALSE,"en",FALSE,426,0,FALSE,FALSE,"en"
"Mon Apr 01 15:25:06 +0000 2019",1112737661893132290,"1112737661893132290","A Tradex Kitchens job installed last week! Martin, at Seamless Surfaces templated and installed this one and we thi‚Ä¶ https://t.co/BXj96VVUzV",TRUE,"()","()",NA,NA,NA,NA,NA,"((url . https://t.co/BXj96VVUzV) (expanded_url . https://twitter.com/i/web/status/1112737661893132290) (display_url . twitter.com/i/web/status/1‚Ä¶) (indices . #(117 140)))","en","recent","<a href=""http://twitter.com"" rel=""nofollow"">Twitter Web Client</a>",NA,NA,NA,NA,NA,1851238640,"1851238640","Whitehall UK","Whitehall_UK","Leeds","The preferred specialist fabricator and installer of solid surfaces for leading names in both residential and commercial markets. A DuPont‚Ñ¢ Corian¬Æ partner.","http://t.co/DOKQDQRU57","()",FALSE,323,249,7,"Tue Sep 10 11:36:30 +0000 2013",82,NA,NA,FALSE,FALSE,1007,"en-gb",FALSE,FALSE,FALSE,"C0DEED","http://abs.twimg.com/images/themes/theme1/bg.png","https://abs.twimg.com/images/themes/theme1/bg.png",FALSE,"http://pbs.twimg.com/profile_images/883264029556445184/_djFkz7v_normal.jpg","https://pbs.twimg.com/profile_images/883264029556445184/_djFkz7v_normal.jpg","1DA1F2","C0DEED","DDEEF6","333333",TRUE,FALSE,TRUE,FALSE,FALSE,FALSE,FALSE,"none",NA,NA,NA,NA,NA,NA,NA,NA,NA,NA,NA,NA,NA,NA,NA,NA,NA,NA,NA,NA,NA,NA,NA,NA,NA,NA,NA,NA,NA,NA,NA,NA,NA,NA,NA,NA,NA,NA,NA,NA,NA,NA,NA,NA,NA,NA,NA,NA,NA,NA,NA,NA,NA,NA,NA,NA,NA,NA,NA,NA,NA,NA,NA,NA,NA,NA,NA,NA,NA,NA,NA,NA,NA,NA,NA,NA,NA,NA,NA,NA,NA,NA,NA,NA,NA,NA,NA,NA,NA,NA,NA,FALSE,0,0,FALSE,FALSE,"en"
"Mon Apr 01 15:25:05 +0000 2019",1112737654213406727,"1112737654213406727","RT @bts_geek_stats: üìà As of midnight KST (April 2), pre-orders for @BTS_twt's MAP OF THE SOUL: PERSONA have surpassed 154.5k on Ktown4u.‚Ä¶",FALSE,"()","()","bts_geek_stats","BTS: Bring The Stats",982753959998877698,"982753959998877698","3","()","en","recent","<a href=""http://twitter.com/download/iphone"" rel=""nofollow"">Twitter for iPhone</a>",NA,NA,NA,NA,NA,2716114852,"2716114852","Bela BUT NAMJOON","coldvioletheart","S√£o Paulo, Brasil","‚ÄúVerdade √© o que eu digo ser verdade. Eu poderia por esse mundo em chamas e chamar de chuva‚Äù Rainha Vermelha",NA,"()",FALSE,1559,901,2,"Thu Jul 17 22:52:30 +0000 2014",154957,NA,NA,TRUE,FALSE,127497,"pt",FALSE,FALSE,FALSE,"C0DEED","http://abs.twimg.com/images/themes/theme1/bg.png","https://abs.twimg.com/images/themes/theme1/bg.png",FALSE,"http://pbs.twimg.com/profile_images/1112735390035820544/r65cm6oO_normal.jpg","https://pbs.twimg.com/profile_images/1112735390035820544/r65cm6oO_normal.jpg","1DA1F2","C0DEED","DDEEF6","333333",TRUE,FALSE,TRUE,FALSE,FALSE,FALSE,FALSE,"none",NA,NA,NA,NA,"Mon Apr 01 15:09:21 +0000 2019",1112733695054700544,"1112733695054700544","üìà As of midnight KST (April 2), pre-orders for @BTS_twt's MAP OF THE SOUL: PERSONA have surpassed 154.5k on Ktown4u‚Ä¶ https://t.co/561nOSSCnY",TRUE,"()","()","((screen_name . BTS_twt) (name . Î∞©ÌÉÑÏÜåÎÖÑÎã®) (id . 335141638) (id_str . 335141638) (indices . #(47 55)))","https://t.co/561nOSSCnY","https://twitter.com/i/web/status/1112733695054700544","twitter.com/i/web/status/1‚Ä¶","117","en","recent","<a href=""http://twitter.com"" rel=""nofollow"">Twitter Web Client</a>",NA,NA,NA,NA,NA,982753959998877698,"982753959998877698","BTS: Bring The Stats","bts_geek_stats","To Infinity And Beyond","Bringing you a complete set of graphs, stats and insights about everything @BTS_twt üìä | ¬©Ô∏è Please take out with full credits.","https://t.co/7tzCyRjwQl","https://t.co/7tzCyRjwQl","https://www.instagram.com/bts_geek_stats/","instagram.com/bts_geek_stats/","0","()",FALSE,50382,60,337,"Sat Apr 07 22:56:17 +0000 2018",94,NA,NA,FALSE,FALSE,1852,"en",FALSE,FALSE,FALSE,"F5F8FA",NA,NA,FALSE,"http://pbs.twimg.com/profile_images/1110993992840302594/jRtA7gID_normal.png","https://pbs.twimg.com/profile_images/1110993992840302594/jRtA7gID_normal.png","https://pbs.twimg.com/profile_banners/982753959998877698/1553716567","1DA1F2","C0DEED","DDEEF6","333333",TRUE,FALSE,TRUE,FALSE,FALSE,FALSE,FALSE,"none",NA,NA,"null","null","null","null","null","null","null","null","null","null","null",NA,FALSE,426,617,FALSE,FALSE,FALSE,"en",FALSE,426,0,FALSE,FALSE,"en"
"Mon Apr 01 15:25:04 +0000 2019",1112737653479202816,"1112737653479202816","RT @koreanthingy: do you miss #KRTRADIOSHOW?

how if we on air this midnight?

help retweet ;)",FALSE,"((text . KRTRADIOSHOW) (indices . #(30 43)))","()","koreanthingy","/krt/ - JUALAN? KE @KRTHINGY AJA",935323801801261056,"935323801801261056","3","()","en","recent","<a href=""http://twitter.com/download/android"" rel=""nofollow"">Twitter for Android</a>",NA,NA,NA,NA,NA,1014854978307948544,"1014854978307948544","Zyra","apeolatry","EXO-L, NCTZEN, IKONIC","[FA] EXO-L HARD‚ö†        
                                                                 SM ARTIST, Ikon, W1, SVT, Treasure13, TBZ, SKZ, Pentagonüíï",NA,"()",FALSE,165,264,0,"Thu Jul 05 12:54:16 +0000 2018",2827,NA,NA,FALSE,FALSE,3565,"id",FALSE,FALSE,FALSE,"F5F8FA",NA,NA,FALSE,"http://pbs.twimg.com/profile_images/1112447407357198337/pn8wUDry_normal.png","https://pbs.twimg.com/profile_images/1112447407357198337/pn8wUDry_normal.png","1DA1F2","C0DEED","DDEEF6","333333",TRUE,TRUE,TRUE,FALSE,FALSE,FALSE,FALSE,"none",NA,NA,NA,NA,"Mon Apr 01 15:22:57 +0000 2019",1112737119221354496,"1112737119221354496","do you miss #KRTRADIOSHOW?

how if we on air this midnight?

help retweet ;)",FALSE,"((text . KRTRADIOSHOW) (indices . #(12 25)))","()","()",NA,NA,NA,NA,"en","recent","<a href=""http://twitter.com/download/android"" rel=""nofollow"">Twitter for Android</a>",NA,NA,NA,NA,NA,935323801801261056,"935323801801261056","/krt/ - JUALAN? KE @KRTHINGY AJA","koreanthingy","","sub @rlthingy | DM dgn /krt/ untuk autopost | RULES LANGGAR = BLOCK : NO OOT : NO WAR : NO ROLEPLAYER : NO PROMOTE BASE : JANGAN JUALAN KECUALI YG PAID PROMOTE","https://t.co/hIfhwf1vxs","https://t.co/hIfhwf1vxs","http://koreanthingy.radiostream321.com","koreanthingy.radiostream321.com","0","()",FALSE,92068,13519,1002,"Tue Nov 28 01:45:46 +0000 2017",93,NA,NA,FALSE,FALSE,383393,"en",FALSE,FALSE,FALSE,"F5F8FA",NA,NA,FALSE,"http://pbs.twimg.com/profile_images/1075362576496644096/kU9lo03Y_normal.jpg","https://pbs.twimg.com/profile_images/1075362576496644096/kU9lo03Y_normal.jpg","https://pbs.twimg.com/profile_banners/935323801801261056/1539787994","1DA1F2","C0DEED","DDEEF6","333333",TRUE,FALSE,TRUE,FALSE,FALSE,FALSE,FALSE,"none",NA,NA,"null","null","null","null","null","null","null","null","null","null","null",NA,FALSE,45,0,FALSE,FALSE,NA,"en",FALSE,45,0,FALSE,FALSE,"en"
"Mon Apr 01 15:25:04 +0000 2019",1112737653462573066,"1112737653462573066","RT @guyverhofstadt: #Brexit is not a bad April Fool's Joke, but a tragic reality for all our citizens and business. It is now five to midni‚Ä¶",FALSE,"((text . Brexit) (indices . #(20 27)))","()","guyverhofstadt","Guy Verhofstadt",856010760,"856010760","3","()","en","recent","<a href=""http://twitter.com/download/android"" rel=""nofollow"">Twitter for Android</a>",NA,NA,NA,NA,NA,3031052802,"3031052802","Deirdre O'Kelly üá™üá∫üá¨üáßüáÆüá™#FBPE","deeokelly1","London","I really really hate Brexit

@decibellesuk","https://t.co/9v2wKvHa4E","()",FALSE,4731,4754,18,"Thu Feb 19 18:30:44 +0000 2015",144446,NA,NA,FALSE,FALSE,16471,"en",FALSE,FALSE,FALSE,"C0DEED","http://abs.twimg.com/images/themes/theme1/bg.png","https://abs.twimg.com/images/themes/theme1/bg.png",FALSE,"http://pbs.twimg.com/profile_images/1033780101090091009/7CrkgPsm_normal.jpg","https://pbs.twimg.com/profile_images/1033780101090091009/7CrkgPsm_normal.jpg","1DA1F2","C0DEED","DDEEF6","333333",TRUE,TRUE,TRUE,FALSE,FALSE,FALSE,FALSE,"none",NA,NA,NA,NA,"Mon Apr 01 10:15:59 +0000 2019",1112659866345185280,"1112659866345185280","#Brexit is not a bad April Fool's Joke, but a tragic reality for all our citizens and business. It is now five to m‚Ä¶ https://t.co/L7rRDWxqKb",TRUE,"((text . Brexit) (indices . #(0 7)))","()","()","https://t.co/L7rRDWxqKb","https://twitter.com/i/web/status/1112659866345185280","twitter.com/i/web/status/1‚Ä¶","117","en","recent","<a href=""http://twitter.com"" rel=""nofollow"">Twitter Web Client</a>",NA,NA,NA,NA,NA,856010760,"856010760","Guy Verhofstadt","guyverhofstadt","Europe","President of @ALDEGroup and Brexit Coordinator for @Europarl_EN #IAmEuropeanüá™üá∫","https://t.co/7iry1KzQRL","https://t.co/7iry1KzQRL","http://www.alde.eu","alde.eu","0","()",FALSE,364873,1588,2942,"Mon Oct 01 08:01:16 +0000 2012",1766,NA,NA,TRUE,TRUE,5381,"en",FALSE,FALSE,FALSE,"022330","http://abs.twimg.com/images/themes/theme15/bg.png","https://abs.twimg.com/images/themes/theme15/bg.png",FALSE,"http://pbs.twimg.com/profile_images/939149652049395712/3u4vqnaj_normal.jpg","https://pbs.twimg.com/profile_images/939149652049395712/3u4vqnaj_normal.jpg","https://pbs.twimg.com/profile_banners/856010760/1552143053","324093","A8C7F7","C0DFEC","333333",TRUE,FALSE,FALSE,FALSE,FALSE,FALSE,FALSE,"none",NA,NA,"null","null","null","null","null","null","null","null","null","null","null",NA,FALSE,692,2800,FALSE,FALSE,NA,"en",FALSE,692,0,FALSE,FALSE,"en"
"Mon Apr 01 15:25:01 +0000 2019",1112737639562514437,"1112737639562514437","RT @koreanthingy: do you miss #KRTRADIOSHOW?

how if we on air this midnight?

help retweet ;)",FALSE,"((text . KRTRADIOSHOW) (indices . #(30 43)))","()","koreanthingy","/krt/ - JUALAN? KE @KRTHINGY AJA",935323801801261056,"935323801801261056","3","()","en","recent","<a href=""http://twitter.com/download/android"" rel=""nofollow"">Twitter for Android</a>",NA,NA,NA,NA,NA,1108677876566511616,"1108677876566511616",".","grwwupp","district 6","",NA,"()",FALSE,291,342,0,"Thu Mar 21 10:32:58 +0000 2019",170,NA,NA,FALSE,FALSE,402,"id",FALSE,FALSE,FALSE,"F5F8FA",NA,NA,FALSE,"http://pbs.twimg.com/profile_images/1111211859544166405/YNrra2IH_normal.jpg","https://pbs.twimg.com/profile_images/1111211859544166405/YNrra2IH_normal.jpg","1DA1F2","C0DEED","DDEEF6","333333",TRUE,FALSE,TRUE,FALSE,FALSE,FALSE,FALSE,"none",NA,NA,NA,NA,"Mon Apr 01 15:22:57 +0000 2019",1112737119221354496,"1112737119221354496","do you miss #KRTRADIOSHOW?

how if we on air this midnight?

help retweet ;)",FALSE,"((text . KRTRADIOSHOW) (indices . #(12 25)))","()","()",NA,NA,NA,NA,"en","recent","<a href=""http://twitter.com/download/android"" rel=""nofollow"">Twitter for Android</a>",NA,NA,NA,NA,NA,935323801801261056,"935323801801261056","/krt/ - JUALAN? KE @KRTHINGY AJA","koreanthingy","","sub @rlthingy | DM dgn /krt/ untuk autopost | RULES LANGGAR = BLOCK : NO OOT : NO WAR : NO ROLEPLAYER : NO PROMOTE BASE : JANGAN JUALAN KECUALI YG PAID PROMOTE","https://t.co/hIfhwf1vxs","https://t.co/hIfhwf1vxs","http://koreanthingy.radiostream321.com","koreanthingy.radiostream321.com","0","()",FALSE,92068,13519,1002,"Tue Nov 28 01:45:46 +0000 2017",93,NA,NA,FALSE,FALSE,383393,"en",FALSE,FALSE,FALSE,"F5F8FA",NA,NA,FALSE,"http://pbs.twimg.com/profile_images/1075362576496644096/kU9lo03Y_normal.jpg","https://pbs.twimg.com/profile_images/1075362576496644096/kU9lo03Y_normal.jpg","https://pbs.twimg.com/profile_banners/935323801801261056/1539787994","1DA1F2","C0DEED","DDEEF6","333333",TRUE,FALSE,TRUE,FALSE,FALSE,FALSE,FALSE,"none",NA,NA,"null","null","null","null","null","null","null","null","null","null","null",NA,FALSE,45,0,FALSE,FALSE,NA,"en",FALSE,45,0,FALSE,FALSE,"en"
"Mon Apr 01 15:25:01 +0000 2019",1112737637889007617,"1112737637889007617","RT @koreanthingy: do you miss #KRTRADIOSHOW?

how if we on air this midnight?

help retweet ;)",FALSE,"((text . KRTRADIOSHOW) (indices . #(30 43)))","()","koreanthingy","/krt/ - JUALAN? KE @KRTHINGY AJA",935323801801261056,"935323801801261056","3","()","en","recent","<a href=""http://twitter.com/download/android"" rel=""nofollow"">Twitter for Android</a>",NA,NA,NA,NA,NA,772923528,"772923528","üêæ","haoyonbin","","‚îäthis acc full of randomness.",NA,"()",FALSE,979,245,2,"Wed Aug 22 05:16:00 +0000 2012",686,NA,NA,TRUE,FALSE,24951,"en",FALSE,FALSE,FALSE,"070808","http://abs.twimg.com/images/themes/theme1/bg.png","https://abs.twimg.com/images/themes/theme1/bg.png",TRUE,"http://pbs.twimg.com/profile_images/1112713965631475714/6AMOucOU_normal.png","https://pbs.twimg.com/profile_images/1112713965631475714/6AMOucOU_normal.png","030303","000000","DDEEF6","333333",TRUE,TRUE,FALSE,FALSE,FALSE,FALSE,FALSE,"none",NA,NA,NA,NA,"Mon Apr 01 15:22:57 +0000 2019",1112737119221354496,"1112737119221354496","do you miss #KRTRADIOSHOW?

how if we on air this midnight?

help retweet ;)",FALSE,"((text . KRTRADIOSHOW) (indices . #(12 25)))","()","()",NA,NA,NA,NA,"en","recent","<a href=""http://twitter.com/download/android"" rel=""nofollow"">Twitter for Android</a>",NA,NA,NA,NA,NA,935323801801261056,"935323801801261056","/krt/ - JUALAN? KE @KRTHINGY AJA","koreanthingy","","sub @rlthingy | DM dgn /krt/ untuk autopost | RULES LANGGAR = BLOCK : NO OOT : NO WAR : NO ROLEPLAYER : NO PROMOTE BASE : JANGAN JUALAN KECUALI YG PAID PROMOTE","https://t.co/hIfhwf1vxs","https://t.co/hIfhwf1vxs","http://koreanthingy.radiostream321.com","koreanthingy.radiostream321.com","0","()",FALSE,92068,13519,1002,"Tue Nov 28 01:45:46 +0000 2017",93,NA,NA,FALSE,FALSE,383393,"en",FALSE,FALSE,FALSE,"F5F8FA",NA,NA,FALSE,"http://pbs.twimg.com/profile_images/1075362576496644096/kU9lo03Y_normal.jpg","https://pbs.twimg.com/profile_images/1075362576496644096/kU9lo03Y_normal.jpg","https://pbs.twimg.com/profile_banners/935323801801261056/1539787994","1DA1F2","C0DEED","DDEEF6","333333",TRUE,FALSE,TRUE,FALSE,FALSE,FALSE,FALSE,"none",NA,NA,"null","null","null","null","null","null","null","null","null","null","null",NA,FALSE,45,0,FALSE,FALSE,NA,"en",FALSE,45,0,FALSE,FALSE,"en"
"Mon Apr 01 15:25:00 +0000 2019",1112737636215599104,"1112737636215599104","She felt drawn to him in a way she couldn‚Äôt explain to herself. 
Not just her desire to feel him naked against her,‚Ä¶ https://t.co/Jr6p8Eku1L",TRUE,"()","()",NA,NA,NA,NA,NA,"((url . https://t.co/Jr6p8Eku1L) (expanded_url . https://twitter.com/i/web/status/1112737636215599104) (display_url . twitter.com/i/web/status/1‚Ä¶) (indices . #(117 140)))","en","recent","<a href=""https://promorepublic.com"" rel=""nofollow"">PromoRepublic</a>",NA,NA,NA,NA,NA,724083504808501249,"724083504808501249","Jenna Barwin, Author","JennaBarwin","Wherever I am, I write.","This is the official Twitter feed for #paranormalromance (#PNR), #urbanfantasy (#UF) and #sciencefiction #author, Jenna Barwin. https://t.co/cRADHkaRSe","https://t.co/EydBjPn19B","((url . https://t.co/cRADHkaRSe) (expanded_url . http://amzn.to/2orMwP9) (display_url . amzn.to/2orMwP9) (indices . #(128 151)))",FALSE,3767,4722,68,"Sun Apr 24 03:52:15 +0000 2016",5876,NA,NA,FALSE,FALSE,10956,"en",FALSE,FALSE,FALSE,"F5F8FA",NA,NA,FALSE,"http://pbs.twimg.com/profile_images/761799137582997504/zI6Up8jM_normal.jpg","https://pbs.twimg.com/profile_images/761799137582997504/zI6Up8jM_normal.jpg","1DA1F2","C0DEED","DDEEF6","333333",TRUE,FALSE,TRUE,FALSE,FALSE,FALSE,FALSE,"none",NA,NA,NA,NA,NA,NA,NA,NA,NA,NA,NA,NA,NA,NA,NA,NA,NA,NA,NA,NA,NA,NA,NA,NA,NA,NA,NA,NA,NA,NA,NA,NA,NA,NA,NA,NA,NA,NA,NA,NA,NA,NA,NA,NA,NA,NA,NA,NA,NA,NA,NA,NA,NA,NA,NA,NA,NA,NA,NA,NA,NA,NA,NA,NA,NA,NA,NA,NA,NA,NA,NA,NA,NA,NA,NA,NA,NA,NA,NA,NA,NA,NA,NA,NA,NA,NA,NA,NA,NA,NA,NA,FALSE,0,0,FALSE,FALSE,"en"
"Mon Apr 01 15:25:00 +0000 2019",1112737635447930881,"1112737635447930881","RT @koreanthingy: do you miss #KRTRADIOSHOW?

how if we on air this midnight?

help retweet ;)",FALSE,"((text . KRTRADIOSHOW) (indices . #(30 43)))","()","koreanthingy","/krt/ - JUALAN? KE @KRTHINGY AJA",935323801801261056,"935323801801261056","3","()","en","recent","<a href=""http://twitter.com/download/android"" rel=""nofollow"">Twitter for Android</a>",NA,NA,NA,NA,NA,1073365852827910145,"1073365852827910145","ùì∑ùì™„ÄÇcheck my pinned.","hwihyeond","tsel / 3 / xl & BRI‚ÄîOVO","„Äî    #‚ÉûÔº¢Ôº° ‚åá ùêµùìäùìàùíæùìÉùëíùìàùìà ùíúùí∏ùí∏ùëúùìäùìÉùìâ   „Äïkinda check my likes and my pinned if u looking for testimonialsüå∑",NA,"()",FALSE,208,184,0,"Thu Dec 13 23:55:36 +0000 2018",254,NA,NA,FALSE,FALSE,7668,"en",FALSE,FALSE,FALSE,"F5F8FA",NA,NA,FALSE,"http://pbs.twimg.com/profile_images/1112710135925755908/8TZJhQDO_normal.jpg","https://pbs.twimg.com/profile_images/1112710135925755908/8TZJhQDO_normal.jpg","1DA1F2","C0DEED","DDEEF6","333333",TRUE,FALSE,TRUE,FALSE,FALSE,FALSE,FALSE,"none",NA,NA,NA,NA,"Mon Apr 01 15:22:57 +0000 2019",1112737119221354496,"1112737119221354496","do you miss #KRTRADIOSHOW?

how if we on air this midnight?

help retweet ;)",FALSE,"((text . KRTRADIOSHOW) (indices . #(12 25)))","()","()",NA,NA,NA,NA,"en","recent","<a href=""http://twitter.com/download/android"" rel=""nofollow"">Twitter for Android</a>",NA,NA,NA,NA,NA,935323801801261056,"935323801801261056","/krt/ - JUALAN? KE @KRTHINGY AJA","koreanthingy","","sub @rlthingy | DM dgn /krt/ untuk autopost | RULES LANGGAR = BLOCK : NO OOT : NO WAR : NO ROLEPLAYER : NO PROMOTE BASE : JANGAN JUALAN KECUALI YG PAID PROMOTE","https://t.co/hIfhwf1vxs","https://t.co/hIfhwf1vxs","http://koreanthingy.radiostream321.com","koreanthingy.radiostream321.com","0","()",FALSE,92068,13519,1002,"Tue Nov 28 01:45:46 +0000 2017",93,NA,NA,FALSE,FALSE,383393,"en",FALSE,FALSE,FALSE,"F5F8FA",NA,NA,FALSE,"http://pbs.twimg.com/profile_images/1075362576496644096/kU9lo03Y_normal.jpg","https://pbs.twimg.com/profile_images/1075362576496644096/kU9lo03Y_normal.jpg","https://pbs.twimg.com/profile_banners/935323801801261056/1539787994","1DA1F2","C0DEED","DDEEF6","333333",TRUE,FALSE,TRUE,FALSE,FALSE,FALSE,FALSE,"none",NA,NA,"null","null","null","null","null","null","null","null","null","null","null",NA,FALSE,45,0,FALSE,FALSE,NA,"en",FALSE,45,0,FALSE,FALSE,"en"
"Mon Apr 01 15:25:00 +0000 2019",1112737633795522560,"1112737633795522560","RT @NHDGeorgia: NHD GA State Contest is around the corner on April 13th, &amp; State Coordinator Jess &amp; the NHD GA team are hard at work gettin‚Ä¶",FALSE,"()","()","NHDGeorgia","NHD Georgia",2951308023,"2951308023","3","()","en","recent","<a href=""http://twitter.com/download/iphone"" rel=""nofollow"">Twitter for iPhone</a>",NA,NA,NA,NA,NA,493331934,"493331934","SocialStudies_HCS","SocialSt_HCS","Henry County, Georgia","Tweeting all things Social Studies in Henry County and beyond! History never looks like history when you are living through it. -John W. Gardner","https://t.co/FR23zsmYmo","()",FALSE,1191,244,54,"Wed Feb 15 17:54:39 +0000 2012",3390,NA,NA,TRUE,FALSE,6453,"en",FALSE,FALSE,FALSE,"C0DEED","http://abs.twimg.com/images/themes/theme1/bg.png","https://abs.twimg.com/images/themes/theme1/bg.png",FALSE,"http://pbs.twimg.com/profile_images/722974236994723840/cZXWFSJp_normal.jpg","https://pbs.twimg.com/profile_images/722974236994723840/cZXWFSJp_normal.jpg","1DA1F2","C0DEED","DDEEF6","333333",TRUE,FALSE,TRUE,FALSE,FALSE,FALSE,FALSE,"none",NA,NA,NA,NA,"Mon Apr 01 14:57:16 +0000 2019",1112730654968565760,"1112730654968565760","NHD GA State Contest is around the corner on April 13th, &amp; State Coordinator Jess &amp; the NHD GA team are hard at wor‚Ä¶ https://t.co/1CcWBRndtX",TRUE,"()","()","()","https://t.co/1CcWBRndtX","https://twitter.com/i/web/status/1112730654968565760","twitter.com/i/web/status/1‚Ä¶","125","en","recent","<a href=""http://twitter.com"" rel=""nofollow"">Twitter Web Client</a>",NA,NA,NA,NA,NA,2951308023,"2951308023","NHD Georgia","NHDGeorgia","Georgia","NHD Georgia is the state affiliate of National History Day, an active, engaged learning experience in the discipline of History for students grades 6-12.","https://t.co/n7G6r3Qa04","https://t.co/n7G6r3Qa04","http://www.lagrange.edu/nhd","lagrange.edu/nhd","0","()",FALSE,203,245,6,"Tue Dec 30 15:54:15 +0000 2014",168,NA,NA,FALSE,FALSE,485,"en",FALSE,FALSE,FALSE,"C0DEED","http://abs.twimg.com/images/themes/theme1/bg.png","https://abs.twimg.com/images/themes/theme1/bg.png",FALSE,"http://pbs.twimg.com/profile_images/621307886371614720/8HkLIifL_normal.jpg","https://pbs.twimg.com/profile_images/621307886371614720/8HkLIifL_normal.jpg","https://pbs.twimg.com/profile_banners/2951308023/1541176220","1DA1F2","C0DEED","DDEEF6","333333",TRUE,FALSE,TRUE,FALSE,FALSE,FALSE,FALSE,"none",NA,NA,"null","null","null","null","null","null","null","null","null","null","null",NA,FALSE,1,2,FALSE,FALSE,FALSE,"en",FALSE,1,0,FALSE,FALSE,"en"
"Mon Apr 01 15:24:59 +0000 2019",1112737632843378693,"1112737632843378693","RT @afneil: Just learned that last Thursday's @bbcthisweek got 1m viewers (excluding iPlayer and catch up) and a 21% share. Amazing stats f‚Ä¶",FALSE,"()","()","afneil","Andrew Neil",136004952,"136004952","3","()","en","recent","<a href=""http://twitter.com/#!/download/ipad"" rel=""nofollow"">Twitter for iPad</a>",NA,NA,NA,NA,NA,755144592,"755144592","Sean Mccawley","SeanMccawley1","Ware","",NA,"()",FALSE,219,1613,0,"Mon Aug 13 13:28:55 +0000 2012",3178,NA,NA,FALSE,FALSE,14412,"en",FALSE,FALSE,FALSE,"C0DEED","http://abs.twimg.com/images/themes/theme1/bg.png","https://abs.twimg.com/images/themes/theme1/bg.png",FALSE,"http://pbs.twimg.com/profile_images/2522234852/image_normal.jpg","https://pbs.twimg.com/profile_images/2522234852/image_normal.jpg","1DA1F2","C0DEED","DDEEF6","333333",TRUE,FALSE,TRUE,FALSE,FALSE,FALSE,FALSE,"none",NA,NA,NA,NA,"Mon Apr 01 06:58:11 +0000 2019",1112610091923107840,"1112610091923107840","Just learned that last Thursday's @bbcthisweek got 1m viewers (excluding iPlayer and catch up) and a 21% share. Ama‚Ä¶ https://t.co/yrEkaxPaqJ",TRUE,"()","()","((screen_name . bbcthisweek) (name . BBC This Week) (id . 78602972) (id_str . 78602972) (indices . #(34 46)))","https://t.co/yrEkaxPaqJ","https://twitter.com/i/web/status/1112610091923107840","twitter.com/i/web/status/1‚Ä¶","117","en","recent","<a href=""http://twitter.com"" rel=""nofollow"">Twitter Web Client</a>",NA,NA,NA,NA,NA,136004952,"136004952","Andrew Neil","afneil","","Chairman @Spectator, @spectatorUSA, @Spectator Australia, @Apollo_Magazine, BBC presenter #politicslive @bbcthisweek Tweets reflect my analysis and mine alone.",NA,NA,NA,NA,NA,"()",FALSE,858336,342,4494,"Thu Apr 22 19:41:25 +0000 2010",86,NA,NA,FALSE,TRUE,55379,"en",FALSE,FALSE,FALSE,"C0DEED","http://abs.twimg.com/images/themes/theme1/bg.png","https://abs.twimg.com/images/themes/theme1/bg.png",FALSE,"http://pbs.twimg.com/profile_images/1774112287/image_normal.jpg","https://pbs.twimg.com/profile_images/1774112287/image_normal.jpg",NA,"0084B4","C0DEED","DDEEF6","333333",TRUE,FALSE,FALSE,FALSE,FALSE,FALSE,FALSE,"none",NA,NA,"null","null","null","null","null","null","null","null","null","null","null",NA,FALSE,333,3385,FALSE,FALSE,NA,"en",FALSE,333,0,FALSE,FALSE,"en"
