"created_at","id","id_str","text","truncated","entities:hashtags:text","entities:hashtags:indices","entities:symbols","entities:user_mentions","entities:urls","metadata:iso_language_code","metadata:result_type","source","in_reply_to_status_id","in_reply_to_status_id_str","in_reply_to_user_id","in_reply_to_user_id_str","in_reply_to_screen_name","user:id","user:id_str","user:name","user:screen_name","user:location","user:description","user:url","user:entities:description:urls","user:protected","user:followers_count","user:friends_count","user:listed_count","user:created_at","user:favourites_count","user:utc_offset","user:time_zone","user:geo_enabled","user:verified","user:statuses_count","user:lang","user:contributors_enabled","user:is_translator","user:is_translation_enabled","user:profile_background_color","user:profile_background_image_url","user:profile_background_image_url_https","user:profile_background_tile","user:profile_image_url","user:profile_image_url_https","user:profile_banner_url","user:profile_link_color","user:profile_sidebar_border_color","user:profile_sidebar_fill_color","user:profile_text_color","user:profile_use_background_image","user:has_extended_profile","user:default_profile","user:default_profile_image","user:following","user:follow_request_sent","user:notifications","user:translator_type","geo","coordinates","place","contributors","is_quote_status","retweet_count","favorite_count","favorited","retweeted","lang"
"Mon Apr 01 17:13:50 +0000 2019",1112765023829614593,"1112765023829614593","TODAY:
Tennis match @ activity center @ 3:45
Soccer game @ 6
Softball game @ 5:30
Baseball game @ 6:30 
ALL HOME #TROJANPRIDE",FALSE,"TROJANPRIDE","113","()","()","()","en","recent","<a href=""http://twitter.com/download/iphone"" rel=""nofollow"">Twitter for iPhone</a>",NA,NA,NA,NA,NA,3003301605,"3003301605","The Gold Club","dyersburgss","Dyersburg, TN","dburg student section... the players depend on us. #TROJANPRIDE",NA,"()",FALSE,453,38,0,"Wed Jan 28 15:14:46 +0000 2015",380,NA,NA,TRUE,FALSE,727,"en",FALSE,FALSE,FALSE,"C0DEED","http://abs.twimg.com/images/themes/theme1/bg.png","https://abs.twimg.com/images/themes/theme1/bg.png",FALSE,"http://pbs.twimg.com/profile_images/828611405767118849/gI7DlmRF_normal.jpg","https://pbs.twimg.com/profile_images/828611405767118849/gI7DlmRF_normal.jpg","https://pbs.twimg.com/profile_banners/3003301605/1487657416","1DA1F2","C0DEED","DDEEF6","333333",TRUE,FALSE,TRUE,FALSE,FALSE,FALSE,FALSE,"none",NA,NA,NA,NA,FALSE,0,0,FALSE,FALSE,"en"
"Mon Apr 01 17:13:50 +0000 2019",1112765023703760896,"1112765023703760896","RT @HRWcanada: #HotDocs19 will run April 25-May 5! Don't miss ‚ÄúKhartoum Offside,‚Äù an urgent doc on a group of Sudanese women fighting for t‚Ä¶",FALSE,"HotDocs19","15","()","((screen_name . HRWcanada) (name . Human Rights Watch Canada) (id . 2174616960) (id_str . 2174616960) (indices . #(3 13)))","()","en","recent","<a href=""https://www.hootsuite.com"" rel=""nofollow"">Hootsuite Inc.</a>",NA,NA,NA,NA,NA,19632023,"19632023","Hot Docs","hotdocs","Toronto, Ontario, Canada","North America's largest documentary festival, @hotdocsindustry conference and market. We also own & operate @HotDocsCinema. #HotDocs19: April 25‚ÄìMay 5","https://t.co/CO4tdS79z3","()",FALSE,57586,3511,1575,"Wed Jan 28 02:38:55 +0000 2009",21955,NA,NA,TRUE,TRUE,24523,"en",FALSE,FALSE,FALSE,"269FA3","http://abs.twimg.com/images/themes/theme1/bg.png","https://abs.twimg.com/images/themes/theme1/bg.png",FALSE,"http://pbs.twimg.com/profile_images/876813631492456449/Cd-1-mjO_normal.jpg","https://pbs.twimg.com/profile_images/876813631492456449/Cd-1-mjO_normal.jpg","https://pbs.twimg.com/profile_banners/19632023/1553014366","97A926","FFFFFF","9FC448","060505",FALSE,FALSE,FALSE,FALSE,FALSE,FALSE,FALSE,"none",NA,NA,NA,NA,FALSE,1,0,FALSE,FALSE,"en"
"Mon Apr 01 17:13:49 +0000 2019",1112765018389520384,"1112765018389520384","It‚Äôs game day again! We‚Äôll have enough soccer the next three weeks to think you live in England! Tonight it‚Äôs at ho‚Ä¶ https://t.co/ipsTzsIhk6",TRUE,NA,NA,"()","()","((url . https://t.co/ipsTzsIhk6) (expanded_url . https://twitter.com/i/web/status/1112765018389520384) (display_url . twitter.com/i/web/status/1‚Ä¶) (indices . #(117 140)))","en","recent","<a href=""http://twitter.com/download/iphone"" rel=""nofollow"">Twitter for iPhone</a>",NA,NA,NA,NA,NA,3121096753,"3121096753","Glenpool Soccer","Glenpool_Soccer","Glenpool School District","The official account for Glenpool Soccer. Boys: 2016 District Champs. Girls: '13, '14, '15 District Champs. '15 State Champs.","https://t.co/kqPZpIohmn","()",FALSE,343,136,0,"Tue Mar 31 17:41:07 +0000 2015",78,NA,NA,FALSE,FALSE,1612,"en",FALSE,FALSE,FALSE,"C0DEED","http://abs.twimg.com/images/themes/theme1/bg.png","https://abs.twimg.com/images/themes/theme1/bg.png",FALSE,"http://pbs.twimg.com/profile_images/961697560888008704/u0reVdql_normal.jpg","https://pbs.twimg.com/profile_images/961697560888008704/u0reVdql_normal.jpg","https://pbs.twimg.com/profile_banners/3121096753/1550193966","1DA1F2","C0DEED","DDEEF6","333333",TRUE,FALSE,TRUE,FALSE,FALSE,FALSE,FALSE,"none",NA,NA,NA,NA,FALSE,0,0,FALSE,FALSE,"en"
"Mon Apr 01 17:13:48 +0000 2019",1112765015512285184,"1112765015512285184","@FcFrontier @Hamburg_Soccer https://t.co/uCamXarLeG",FALSE,NA,NA,"()","((screen_name . FcFrontier) (name . Frontier FC) (id . 2615262794) (id_str . 2615262794) (indices . #(0 11)))","()","und","recent","<a href=""http://twitter.com/download/iphone"" rel=""nofollow"">Twitter for iPhone</a>",1112726323674431488,"1112726323674431488",2615262794,"2615262794","FcFrontier",3583430177,"3583430177","Colin Margerum","voltzage","","frontier fc | 716",NA,"()",FALSE,211,203,0,"Tue Sep 08 03:13:17 +0000 2015",829,NA,NA,TRUE,FALSE,639,"en",FALSE,FALSE,FALSE,"000000","http://abs.twimg.com/images/themes/theme1/bg.png","https://abs.twimg.com/images/themes/theme1/bg.png",FALSE,"http://pbs.twimg.com/profile_images/1103869349083791361/y3JYycRy_normal.jpg","https://pbs.twimg.com/profile_images/1103869349083791361/y3JYycRy_normal.jpg","https://pbs.twimg.com/profile_banners/3583430177/1553439924","19CF86","000000","000000","000000",FALSE,TRUE,FALSE,FALSE,FALSE,FALSE,FALSE,"none",NA,NA,NA,NA,FALSE,0,0,FALSE,FALSE,"und"
"Mon Apr 01 17:13:47 +0000 2019",1112765010114170880,"1112765010114170880","RT @KABERO333: @szurita  @disparamargot @ximenadelam @faustoponce @chekozaun #EsDeMexicanos pensar que M√©xico sea campe√≥n en Soccer üòÇüòÇüòÇüòÇ",FALSE,"EsDeMexicanos","77","()","((screen_name . KABERO333) (name . Kari Beltr√°n) (id . 275136242) (id_str . 275136242) (indices . #(3 13)))","()","es","recent","<a href=""https://about.twitter.com/products/tweetdeck"" rel=""nofollow"">TweetDeck</a>",NA,NA,NA,NA,NA,87775038,"87775038","Dispara Margot","disparamargot","","De lunes a viernes, 10:00 a 12:00 del d√≠a por MVS Radio.","http://t.co/gTqOkbxzp4","()",FALSE,123362,1540,369,"Thu Nov 05 20:28:29 +0000 2009",23564,NA,NA,FALSE,FALSE,19649,"en",FALSE,FALSE,FALSE,"C0DEED","http://abs.twimg.com/images/themes/theme1/bg.png","https://abs.twimg.com/images/themes/theme1/bg.png",TRUE,"http://pbs.twimg.com/profile_images/518963769448214530/b60Tbkle_normal.jpeg","https://pbs.twimg.com/profile_images/518963769448214530/b60Tbkle_normal.jpeg","https://pbs.twimg.com/profile_banners/87775038/1412565438","0084B4","FFFFFF","DDEEF6","333333",TRUE,FALSE,FALSE,FALSE,FALSE,FALSE,FALSE,"none",NA,NA,NA,NA,FALSE,1,0,FALSE,FALSE,"es"
"Mon Apr 01 17:13:45 +0000 2019",1112765003881480192,"1112765003881480192","RT @bean0992: @Cities_PDX I think a sports park would be cool. Like baseball fields, soccer fields for like youth sports. Also national par‚Ä¶",FALSE,NA,NA,"()","((screen_name . bean0992) (name . Ryan J) (id . 2902083516) (id_str . 2902083516) (indices . #(3 12)))","()","en","recent","<a href=""http://twitter.com/download/iphone"" rel=""nofollow"">Twitter for iPhone</a>",NA,NA,NA,NA,NA,1033902969404747778,"1033902969404747778","GameInfo TV","GameInfoTV1","NRW, near Cologne, Germany","Offizieller acc. von GameInfo TV. ‚Ä¢ Infos zum Kanal & zu Spielen        ‚Ä¢ Info-,Update-&Gameplayvideos     ‚Ä¢ Immer mal wieder Uploadpl√§ne und halt GameInfosüòÑüëæ","https://t.co/8PKXB6drmG","()",FALSE,9,24,0,"Mon Aug 27 02:24:11 +0000 2018",710,NA,NA,FALSE,FALSE,712,"en",FALSE,FALSE,FALSE,"F5F8FA",NA,NA,FALSE,"http://pbs.twimg.com/profile_images/1043627148580409357/MSureMIG_normal.jpg","https://pbs.twimg.com/profile_images/1043627148580409357/MSureMIG_normal.jpg","https://pbs.twimg.com/profile_banners/1033902969404747778/1545651989","1DA1F2","C0DEED","DDEEF6","333333",TRUE,TRUE,TRUE,FALSE,FALSE,FALSE,FALSE,"none",NA,NA,NA,NA,FALSE,2,0,FALSE,FALSE,"en"
"Mon Apr 01 17:13:44 +0000 2019",1112764999288713216,"1112764999288713216","@vanicchies SHUT UP HATER, BEYBLADES ARE COOLER THAN THAT BORING ASS SOCCER.",FALSE,NA,NA,"()","((screen_name . vanicchies) (name . Vani @ ¬°Qu√© boom, Amigos! üåà) (id . 3655866323) (id_str . 3655866323) (indices . #(0 11)))","()","en","recent","<a href=""https://about.twitter.com/products/tweetdeck"" rel=""nofollow"">TweetDeck</a>",1112763464454471681,"1112763464454471681",3655866323,"3655866323","vanicchies",335071157,"335071157","SUPER ANDROID Sirender","Cross_Ultimate","Asteroide B-612","You can't write Winspector without win. Machamp memes every day. ESP/BROKEN ENGRISH I occassionally draw mecha and toku stuff.","https://t.co/7KQDbqdT05","()",FALSE,1478,298,44,"Thu Jul 14 03:14:15 +0000 2011",14776,NA,NA,TRUE,FALSE,98573,"en",FALSE,FALSE,FALSE,"1A1B1F","http://abs.twimg.com/images/themes/theme9/bg.gif","https://abs.twimg.com/images/themes/theme9/bg.gif",TRUE,"http://pbs.twimg.com/profile_images/1014420879533584384/6MnSJ_bh_normal.jpg","https://pbs.twimg.com/profile_images/1014420879533584384/6MnSJ_bh_normal.jpg","https://pbs.twimg.com/profile_banners/335071157/1403834727","FA743E","FFFFFF","252429","666666",TRUE,TRUE,FALSE,FALSE,FALSE,FALSE,FALSE,"regular",NA,NA,NA,NA,FALSE,0,0,FALSE,FALSE,"en"
"Mon Apr 01 17:13:43 +0000 2019",1112764996168105984,"1112764996168105984","@CertifiedTrolll soccer city",FALSE,NA,NA,"()","((screen_name . CertifiedTrolll) (name . Indecent Troll) (id . 254714662) (id_str . 254714662) (indices . #(0 16)))","()","en","recent","<a href=""http://twitter.com"" rel=""nofollow"">Twitter Web Client</a>",1112764863514841089,"1112764863514841089",254714662,"254714662","CertifiedTrolll",3319905632,"3319905632","AniE","ibe_anie","Soccer City","Double Infinity","https://t.co/SLyCXo6srd","()",FALSE,9868,196,25,"Wed Aug 19 10:43:06 +0000 2015",135666,NA,NA,FALSE,FALSE,198361,"en",FALSE,FALSE,FALSE,"C0DEED","http://abs.twimg.com/images/themes/theme1/bg.png","https://abs.twimg.com/images/themes/theme1/bg.png",FALSE,"http://pbs.twimg.com/profile_images/1111192418488074241/Qa5W-9hy_normal.jpg","https://pbs.twimg.com/profile_images/1111192418488074241/Qa5W-9hy_normal.jpg","https://pbs.twimg.com/profile_banners/3319905632/1538667195","1DA1F2","C0DEED","DDEEF6","333333",TRUE,TRUE,TRUE,FALSE,FALSE,FALSE,FALSE,"none",NA,NA,NA,NA,FALSE,0,0,FALSE,FALSE,"en"
"Mon Apr 01 17:13:42 +0000 2019",1112764988568031232,"1112764988568031232","@TheDazeel Sensible Soccer",FALSE,NA,NA,"()","((screen_name . TheDazeel) (name . Darren McCarthy) (id . 339946551) (id_str . 339946551) (indices . #(0 10)))","()","en","recent","<a href=""http://twitter.com/download/iphone"" rel=""nofollow"">Twitter for iPhone</a>",1112402265896337408,"1112402265896337408",339946551,"339946551","TheDazeel",1095289533158043648,"1095289533158043648","AylesbyRed","Aylesred","Liverpool, England","This Bird Doesn't Suck / We Are The Originals / Don't Buy The S#n",NA,"()",FALSE,93,141,0,"Tue Feb 12 11:52:28 +0000 2019",393,NA,NA,FALSE,FALSE,606,"en",FALSE,FALSE,FALSE,"F5F8FA",NA,NA,FALSE,"http://pbs.twimg.com/profile_images/1095289777132367873/inVL_xu6_normal.jpg","https://pbs.twimg.com/profile_images/1095289777132367873/inVL_xu6_normal.jpg","https://pbs.twimg.com/profile_banners/1095289533158043648/1549972559","1DA1F2","C0DEED","DDEEF6","333333",TRUE,TRUE,TRUE,FALSE,FALSE,FALSE,FALSE,"none",NA,NA,NA,NA,FALSE,0,0,FALSE,FALSE,"en"
"Mon Apr 01 17:13:31 +0000 2019",1112764942543929344,"1112764942543929344","RT @BestElemLibrary: Soccer comes to life!  Yay Christopher!  @Alief_Libraries @AliefTech @Best_Bulldogs #aliefatapple https://t.co/UDbd0ho‚Ä¶",FALSE,"aliefatapple","105","()","((screen_name . BestElemLibrary) (name . Best Elementary Library) (id . 1963666585) (id_str . 1963666585) (indices . #(3 19)))","()","en","recent","<a href=""http://twitter.com/download/android"" rel=""nofollow"">Twitter for Android</a>",NA,NA,NA,NA,NA,4855227794,"4855227794","Katie Sokolik","SokolikKatie","Houston, TX","Things that light up my life: ‚Ä¢ God, Jesus, & the Holy Spirit ‚Ä¢ My husband ‚Ä¢ My cats ‚Ä¢ Star Trek ‚Ä¢ Making life's adventures","https://t.co/wJ3bOZzbQ8","()",FALSE,330,521,2,"Wed Feb 03 18:07:52 +0000 2016",16637,NA,NA,FALSE,FALSE,2723,"en",FALSE,FALSE,FALSE,"F5F8FA",NA,NA,FALSE,"http://pbs.twimg.com/profile_images/954040268084465664/7I6Rjt8g_normal.jpg","https://pbs.twimg.com/profile_images/954040268084465664/7I6Rjt8g_normal.jpg","https://pbs.twimg.com/profile_banners/4855227794/1459216289","1DA1F2","C0DEED","DDEEF6","333333",TRUE,FALSE,TRUE,FALSE,FALSE,FALSE,FALSE,"none",NA,NA,NA,NA,FALSE,3,0,FALSE,FALSE,"en"
"Mon Apr 01 17:13:29 +0000 2019",1112764937443643393,"1112764937443643393","Messi &amp; Ronaldo have been running the show for years but there are others like Hazard who deserve respect for their‚Ä¶ https://t.co/C63iiSCIbF",TRUE,NA,NA,"()","()","((url . https://t.co/C63iiSCIbF) (expanded_url . https://twitter.com/i/web/status/1112764937443643393) (display_url . twitter.com/i/web/status/1‚Ä¶) (indices . #(121 144)))","en","recent","<a href=""http://twitter.com/download/iphone"" rel=""nofollow"">Twitter for iPhone</a>",NA,NA,NA,NA,NA,785106157371285504,"785106157371285504","Alliance","DubaiAlliance","Dubai, United Arab Emirates","One of the leading football academies in Middle East. #StriveToProgress #Football #Dubai","https://t.co/1SkWJUfdFX","()",FALSE,1670,1132,3,"Sun Oct 09 13:14:29 +0000 2016",722,NA,NA,TRUE,FALSE,458,"en",FALSE,FALSE,FALSE,"F5F8FA",NA,NA,FALSE,"http://pbs.twimg.com/profile_images/1027978136548519938/oluBePoj_normal.jpg","https://pbs.twimg.com/profile_images/1027978136548519938/oluBePoj_normal.jpg","https://pbs.twimg.com/profile_banners/785106157371285504/1552878785","1DA1F2","C0DEED","DDEEF6","333333",TRUE,TRUE,TRUE,FALSE,FALSE,FALSE,FALSE,"none",NA,NA,((id . 001907e868d06e24) (url . https://api.twitter.com/1.1/geo/id/001907e868d06e24.json) (place_type . admin) (name . Dubai) (full_name . Dubai, United Arab Emirates) (country_code . AE) (country . United Arab Emirates) (contained_within . #()) (bounding_box (type . Polygon) (coordinates . #(#(#(54.8939725 24.6182526) #(56.2083722 24.6182526) #(56.2083722 25.3686719) #(54.8939725 25.3686719))))) (attributes)),NA,FALSE,0,1,FALSE,FALSE,"en"
"Mon Apr 01 17:13:24 +0000 2019",1112764913284513793,"1112764913284513793","@RJHeels @JennApple @thekellyfrances But they have absolutely shown improvement. Since creating only 3 chances agai‚Ä¶ https://t.co/NfOef2xMdE",TRUE,NA,NA,"()","((screen_name . RJHeels) (name . RJHeels) (id . 876848254050336769) (id_str . 876848254050336769) (indices . #(0 8)))","((url . https://t.co/NfOef2xMdE) (expanded_url . https://twitter.com/i/web/status/1112764913284513793) (display_url . twitter.com/i/web/status/1‚Ä¶) (indices . #(117 140)))","en","recent","<a href=""https://mobile.twitter.com"" rel=""nofollow"">Twitter Web App</a>",1112496204271759360,"1112496204271759360",876848254050336769,"876848254050336769","RJHeels",16691201,"16691201","J Kulani Prescott","JKulani","Atlanta, GA","Mostly here to read funny things or things about soccer or things about politics. Sometimes I even Tweet.",NA,"()",FALSE,194,316,5,"Sat Oct 11 00:42:26 +0000 2008",20,NA,NA,FALSE,FALSE,1066,"en",FALSE,FALSE,FALSE,"000000","http://abs.twimg.com/images/themes/theme1/bg.png","https://abs.twimg.com/images/themes/theme1/bg.png",FALSE,"http://pbs.twimg.com/profile_images/62283761/AHHHH_normal.jpg","https://pbs.twimg.com/profile_images/62283761/AHHHH_normal.jpg","https://pbs.twimg.com/profile_banners/16691201/1552576132","ABB8C2","000000","000000","000000",FALSE,TRUE,FALSE,FALSE,FALSE,FALSE,FALSE,"none",NA,NA,NA,NA,FALSE,0,0,FALSE,FALSE,"en"
"Mon Apr 01 17:13:20 +0000 2019",1112764896985391105,"1112764896985391105","RT @luhwavyyy: ight let‚Äôs settle this shit fr 

rt for Chief Keef
like for G Herbo https://t.co/BsLA9f3q1G",FALSE,NA,NA,"()","((screen_name . luhwavyyy) (name . wa.vyyyü§ë) (id . 746578820489220096) (id_str . 746578820489220096) (indices . #(3 13)))","()","en","recent","<a href=""http://twitter.com/download/iphone"" rel=""nofollow"">Twitter for iPhone</a>",NA,NA,NA,NA,NA,498398935,"498398935","Alexis Marquez","Soccer_timee","","family never dies | Tüíï|",NA,"()",FALSE,778,754,6,"Tue Feb 21 00:57:17 +0000 2012",58162,NA,NA,TRUE,FALSE,88706,"en",FALSE,FALSE,FALSE,"1A1B1F","http://abs.twimg.com/images/themes/theme9/bg.gif","https://abs.twimg.com/images/themes/theme9/bg.gif",FALSE,"http://pbs.twimg.com/profile_images/1109926658688077825/6Lo4c3q1_normal.jpg","https://pbs.twimg.com/profile_images/1109926658688077825/6Lo4c3q1_normal.jpg","https://pbs.twimg.com/profile_banners/498398935/1553797428","2FC2EF","181A1E","252429","666666",TRUE,TRUE,FALSE,FALSE,FALSE,FALSE,FALSE,"none",NA,NA,NA,NA,FALSE,9537,0,FALSE,FALSE,"en"
"Mon Apr 01 17:13:13 +0000 2019",1112764868699009031,"1112764868699009031","RT @KagisoUFS: Congratulations to the soccer gents!!  they won  3-1 against B.S.E on Saturday ‚ú® 

And....thank you to all those that came t‚Ä¶",FALSE,NA,NA,"()","((screen_name . KagisoUFS) (name . We Are KG!!! 4 Trophies 1 Week!!!) (id . 1244136852) (id_str . 1244136852) (indices . #(3 13)))","()","en","recent","<a href=""http://twitter.com/download/android"" rel=""nofollow"">Twitter for Android</a>",NA,NA,NA,NA,NA,1062072815866798080,"1062072815866798080","Joe Mofokeng","JoeMofokeng20","Bloemfontein, South Africa","üòá",NA,"()",FALSE,121,363,0,"Mon Nov 12 20:01:06 +0000 2018",997,NA,NA,FALSE,FALSE,227,"en",FALSE,FALSE,FALSE,"000000","http://abs.twimg.com/images/themes/theme1/bg.png","https://abs.twimg.com/images/themes/theme1/bg.png",FALSE,"http://pbs.twimg.com/profile_images/1069556964856922112/hHiarmz4_normal.jpg","https://pbs.twimg.com/profile_images/1069556964856922112/hHiarmz4_normal.jpg","https://pbs.twimg.com/profile_banners/1062072815866798080/1542437162","E81C4F","000000","000000","000000",FALSE,TRUE,FALSE,FALSE,FALSE,FALSE,FALSE,"none",NA,NA,NA,NA,FALSE,3,0,FALSE,FALSE,"en"
"Mon Apr 01 17:13:11 +0000 2019",1112764862290190342,"1112764862290190342","RT @shoshievass: ""Programming languages are not like soccer teams -- they're more like food. Sometimes you want fish and sometimes you want‚Ä¶",FALSE,NA,NA,"()","((screen_name . shoshievass) (name . Shosh Vasserman) (id . 19196624) (id_str . 19196624) (indices . #(3 15)))","()","en","recent","<a href=""http://twitter.com"" rel=""nofollow"">Twitter Web Client</a>",NA,NA,NA,NA,NA,325431352,"325431352","london_econ","london_econ","DC and East London","An American who did an econ PhD in London, I'm interested in international macro, applied econometrics, and political economy. All views are my own.",NA,"()",FALSE,307,321,18,"Tue Jun 28 08:43:23 +0000 2011",4238,NA,NA,FALSE,FALSE,5835,"en",FALSE,FALSE,FALSE,"C0DEED","http://abs.twimg.com/images/themes/theme1/bg.png","https://abs.twimg.com/images/themes/theme1/bg.png",FALSE,"http://pbs.twimg.com/profile_images/1865858100/10-05-03_E.London_Line_Nate1_crop_normal.jpg","https://pbs.twimg.com/profile_images/1865858100/10-05-03_E.London_Line_Nate1_crop_normal.jpg",NA,"1DA1F2","C0DEED","DDEEF6","333333",TRUE,FALSE,TRUE,FALSE,FALSE,FALSE,FALSE,"none",NA,NA,NA,NA,FALSE,2,0,FALSE,FALSE,"en"
"Mon Apr 01 17:13:08 +0000 2019",1112764848478269448,"1112764848478269448","RT @Mimidagoddess_: We won't be having an event tomorrow. The NEW RAIN DATE will be Next Thursday, April 11. 
It'll be on the MSC Lawn. We‚Ä¶",FALSE,NA,NA,"()","((screen_name . Mimidagoddess_) (name . üêø) (id . 3303140745) (id_str . 3303140745) (indices . #(3 18)))","()","en","recent","<a href=""http://twitter.com/download/iphone"" rel=""nofollow"">Twitter for iPhone</a>",NA,NA,NA,NA,NA,66923233,"66923233",".Nens.","nenokam","","22.SM15'.üá≥üá¨.ECU19 ""All girls rock. Black girls, we're just on another level""‚ú® -Rihanna",NA,"()",FALSE,1890,1609,15,"Wed Aug 19 05:45:22 +0000 2009",37429,NA,NA,TRUE,FALSE,81106,"en",FALSE,FALSE,FALSE,"9AE4E8","http://abs.twimg.com/images/themes/theme1/bg.png","https://abs.twimg.com/images/themes/theme1/bg.png",FALSE,"http://pbs.twimg.com/profile_images/1037748667652943875/5vaUvHgR_normal.jpg","https://pbs.twimg.com/profile_images/1037748667652943875/5vaUvHgR_normal.jpg","https://pbs.twimg.com/profile_banners/66923233/1511296793","0084B4","BDDCAD","DDFFCC","333333",TRUE,TRUE,FALSE,FALSE,FALSE,FALSE,FALSE,"none",NA,NA,NA,NA,FALSE,3,0,FALSE,FALSE,"en"
"Mon Apr 01 17:13:07 +0000 2019",1112764842891460608,"1112764842891460608","@PublicEyeComms @Line_of_duty @StephenGraham73 Can't work out if you're a goody or a baddie in this one lad??? Easi‚Ä¶ https://t.co/Pr8oLySKUa",TRUE,NA,NA,"()","((screen_name . PublicEyeComms) (name . Public Eye) (id . 187848410) (id_str . 187848410) (indices . #(0 15)))","((url . https://t.co/Pr8oLySKUa) (expanded_url . https://twitter.com/i/web/status/1112764842891460608) (display_url . twitter.com/i/web/status/1‚Ä¶) (indices . #(117 140)))","en","recent","<a href=""http://twitter.com"" rel=""nofollow"">Twitter Web Client</a>",1112672213918978053,"1112672213918978053",187848410,"187848410","PublicEyeComms",813069055007592448,"813069055007592448","Jeff Porter","jeffporter70","Cheshire","",NA,"()",FALSE,22,18,0,"Sun Dec 25 17:09:03 +0000 2016",666,NA,NA,FALSE,FALSE,427,"en-gb",FALSE,FALSE,FALSE,"F5F8FA",NA,NA,FALSE,"http://pbs.twimg.com/profile_images/1012415587560116225/HocSEI3U_normal.jpg","https://pbs.twimg.com/profile_images/1012415587560116225/HocSEI3U_normal.jpg",NA,"1DA1F2","C0DEED","DDEEF6","333333",TRUE,FALSE,TRUE,FALSE,FALSE,FALSE,FALSE,"none",NA,NA,NA,NA,FALSE,0,0,FALSE,FALSE,"en"
"Mon Apr 01 17:13:06 +0000 2019",1112764839045332998,"1112764839045332998","RT @edumarci: Hicimos entrega de uniformes de futbol soccer a trabajadores del @CongresoQRoo, con el fin de seguir fomentando la cultura de‚Ä¶",FALSE,NA,NA,"()","((screen_name . edumarci) (name . Eduardo Mart√≠nez) (id . 84110575) (id_str . 84110575) (indices . #(3 12)))","()","es","recent","<a href=""http://twitter.com"" rel=""nofollow"">Twitter Web Client</a>",NA,NA,NA,NA,NA,1513647932,"1513647932","Ola Noticias","OlaNoticias","transmision diaria 6:00pm.","El Noticiero que Equilibra La Verdad, La Razon & La Informaci√≥n.","http://t.co/5O5cknnvrc","()",FALSE,2156,624,12,"Thu Jun 13 15:05:55 +0000 2013",42,NA,NA,TRUE,FALSE,50019,"es",FALSE,FALSE,FALSE,"131516","http://abs.twimg.com/images/themes/theme14/bg.gif","https://abs.twimg.com/images/themes/theme14/bg.gif",TRUE,"http://pbs.twimg.com/profile_images/378800000044113408/4f73cb5062c57daf6d231056f7496ded_normal.jpeg","https://pbs.twimg.com/profile_images/378800000044113408/4f73cb5062c57daf6d231056f7496ded_normal.jpeg","https://pbs.twimg.com/profile_banners/1513647932/1372168803","009999","EEEEEE","EFEFEF","333333",TRUE,FALSE,FALSE,FALSE,FALSE,FALSE,FALSE,"none",NA,NA,NA,NA,FALSE,4,0,FALSE,FALSE,"es"
"Mon Apr 01 17:13:05 +0000 2019",1112764835715039233,"1112764835715039233","RT @yoshizle_: My anthem when I finally graduate college lol https://t.co/ojO75QvRzW",FALSE,NA,NA,"()","((screen_name . yoshizle_) (name . yoce) (id . 3227913061) (id_str . 3227913061) (indices . #(3 13)))","((url . https://t.co/ojO75QvRzW) (expanded_url . https://twitter.com/russdiemon/status/1110712316461502464) (display_url . twitter.com/russdiemon/sta‚Ä¶) (indices . #(61 84)))","en","recent","<a href=""http://twitter.com/download/iphone"" rel=""nofollow"">Twitter for iPhone</a>",NA,NA,NA,NA,NA,498398935,"498398935","Alexis Marquez","Soccer_timee","","family never dies | Tüíï|",NA,"()",FALSE,778,754,6,"Tue Feb 21 00:57:17 +0000 2012",58162,NA,NA,TRUE,FALSE,88706,"en",FALSE,FALSE,FALSE,"1A1B1F","http://abs.twimg.com/images/themes/theme9/bg.gif","https://abs.twimg.com/images/themes/theme9/bg.gif",FALSE,"http://pbs.twimg.com/profile_images/1109926658688077825/6Lo4c3q1_normal.jpg","https://pbs.twimg.com/profile_images/1109926658688077825/6Lo4c3q1_normal.jpg","https://pbs.twimg.com/profile_banners/498398935/1553797428","2FC2EF","181A1E","252429","666666",TRUE,TRUE,FALSE,FALSE,FALSE,FALSE,FALSE,"none",NA,NA,NA,NA,TRUE,1801,0,FALSE,FALSE,"en"
"Mon Apr 01 17:13:04 +0000 2019",1112764832544104449,"1112764832544104449","Girls soccer today at Beardstown 4:30pm! #GameDay #Panthers https://t.co/YljQxRbPUx",FALSE,"GameDay","41","()","()","()","en","recent","<a href=""http://twitter.com/download/iphone"" rel=""nofollow"">Twitter for iPhone</a>",NA,NA,NA,NA,NA,893923480554622976,"893923480554622976","NorthMacHSAD","NorthMacHSAD","Virden, IL","All things North Mac High School Sports straight from the AD's office! Go Panthers!",NA,"()",FALSE,476,68,5,"Sat Aug 05 19:55:40 +0000 2017",785,NA,NA,FALSE,FALSE,1488,"en",FALSE,FALSE,FALSE,"F5F8FA",NA,NA,FALSE,"http://pbs.twimg.com/profile_images/1049378386852962304/sGzojAbr_normal.jpg","https://pbs.twimg.com/profile_images/1049378386852962304/sGzojAbr_normal.jpg","https://pbs.twimg.com/profile_banners/893923480554622976/1501978599","1DA1F2","C0DEED","DDEEF6","333333",TRUE,FALSE,TRUE,FALSE,FALSE,FALSE,FALSE,"none",NA,NA,NA,NA,FALSE,0,0,FALSE,FALSE,"en"
"Mon Apr 01 17:13:00 +0000 2019",1112764812688265217,"1112764812688265217","RT @ParkUniversity: Do you dream of making it to the World Pup? Anything is pawsibble at Bark university! Open trials for the new #BarkU so‚Ä¶",FALSE,"BarkU","130","()","((screen_name . ParkUniversity) (name . Bark University) (id . 34517641) (id_str . 34517641) (indices . #(3 18)))","()","en","recent","<a href=""http://twitter.com/download/iphone"" rel=""nofollow"">Twitter for iPhone</a>",NA,NA,NA,NA,NA,740002587819180032,"740002587819180032","Freya","BestElkhound","","I am the best. As such, I have moved to a nice new house with my Primary Humans. Favorite Human now tweets to win toys to fill the void I have left.",NA,"()",FALSE,9,55,0,"Tue Jun 07 02:09:00 +0000 2016",66,NA,NA,FALSE,FALSE,1814,"en",FALSE,FALSE,FALSE,"F5F8FA",NA,NA,FALSE,"http://pbs.twimg.com/profile_images/762313322641305601/TfoMNXDj_normal.jpg","https://pbs.twimg.com/profile_images/762313322641305601/TfoMNXDj_normal.jpg","https://pbs.twimg.com/profile_banners/740002587819180032/1465267044","1DA1F2","C0DEED","DDEEF6","333333",TRUE,FALSE,TRUE,FALSE,FALSE,FALSE,FALSE,"none",NA,NA,NA,NA,FALSE,1,0,FALSE,FALSE,"en"
"Mon Apr 01 17:12:50 +0000 2019",1112764774134226944,"1112764774134226944","RT @kingmensoccer: MEN‚ÄôS SOCCER AREA PLAYOFF GAME
Elsik vs C E King
Date ‚Äì Tuesday, April 2, 2019
Location ‚Äì Crump Stadium (12321 Alief Clo‚Ä¶",FALSE,NA,NA,"()","((screen_name . kingmensoccer) (name . ce king mens soccer) (id . 4029282312) (id_str . 4029282312) (indices . #(3 17)))","()","en","recent","<a href=""http://twitter.com/download/iphone"" rel=""nofollow"">Twitter for iPhone</a>",NA,NA,NA,NA,NA,734452725690163200,"734452725690163200","monica üíõ","monixcaglez","Houston, TX","UH‚Äô23 | ‚öΩÔ∏è | ig:monixcaglez",NA,"()",FALSE,367,227,4,"Sun May 22 18:35:50 +0000 2016",30344,NA,NA,TRUE,FALSE,29461,"en",FALSE,FALSE,FALSE,"F5F8FA",NA,NA,FALSE,"http://pbs.twimg.com/profile_images/1107871631756664832/JDA_S2Xw_normal.jpg","https://pbs.twimg.com/profile_images/1107871631756664832/JDA_S2Xw_normal.jpg","https://pbs.twimg.com/profile_banners/734452725690163200/1552621380","1DA1F2","C0DEED","DDEEF6","333333",TRUE,FALSE,TRUE,FALSE,FALSE,FALSE,FALSE,"none",NA,NA,NA,NA,FALSE,2,0,FALSE,FALSE,"en"
"Mon Apr 01 17:12:50 +0000 2019",1112764771248603136,"1112764771248603136","RT @nayibbukele: The Presidents of 2 mexican countries #FoxandFriends https://t.co/n4P8YbGaDS",FALSE,"FoxandFriends","55","()","((screen_name . nayibbukele) (name . Nayib Bukele) (id . 20736511) (id_str . 20736511) (indices . #(3 15)))","()","en","recent","<a href=""http://twitter.com/download/iphone"" rel=""nofollow"">Twitter for iPhone</a>",NA,NA,NA,NA,NA,498398935,"498398935","Alexis Marquez","Soccer_timee","","family never dies | Tüíï|",NA,"()",FALSE,778,754,6,"Tue Feb 21 00:57:17 +0000 2012",58162,NA,NA,TRUE,FALSE,88706,"en",FALSE,FALSE,FALSE,"1A1B1F","http://abs.twimg.com/images/themes/theme9/bg.gif","https://abs.twimg.com/images/themes/theme9/bg.gif",FALSE,"http://pbs.twimg.com/profile_images/1109926658688077825/6Lo4c3q1_normal.jpg","https://pbs.twimg.com/profile_images/1109926658688077825/6Lo4c3q1_normal.jpg","https://pbs.twimg.com/profile_banners/498398935/1553797428","2FC2EF","181A1E","252429","666666",TRUE,TRUE,FALSE,FALSE,FALSE,FALSE,FALSE,"none",NA,NA,NA,NA,FALSE,1085,0,FALSE,FALSE,"en"
"Mon Apr 01 17:12:49 +0000 2019",1112764769726017536,"1112764769726017536","SOCCER M√âXICO I'M--ü§£üíÄ https://t.co/RjKXZay4xj",FALSE,NA,NA,"()","()","()","es","recent","<a href=""http://twitter.com/download/iphone"" rel=""nofollow"">Twitter for iPhone</a>",NA,NA,NA,NA,NA,174543474,"174543474","Leilani","leishuga","Puebla","I can‚Äôt go back to yesterday because I was a different person then.","https://t.co/3J0UWxP7gV","()",FALSE,441,527,7,"Wed Aug 04 05:13:05 +0000 2010",16693,NA,NA,TRUE,FALSE,16466,"en",FALSE,FALSE,FALSE,"131516","http://abs.twimg.com/images/themes/theme14/bg.gif","https://abs.twimg.com/images/themes/theme14/bg.gif",TRUE,"http://pbs.twimg.com/profile_images/1093289607578423298/_twhrk9Z_normal.jpg","https://pbs.twimg.com/profile_images/1093289607578423298/_twhrk9Z_normal.jpg","https://pbs.twimg.com/profile_banners/174543474/1552432227","EBB836","000000","EFEFEF","333333",TRUE,TRUE,FALSE,FALSE,FALSE,FALSE,FALSE,"none",NA,NA,NA,NA,FALSE,0,0,FALSE,FALSE,"es"
"Mon Apr 01 17:12:46 +0000 2019",1112764757214404615,"1112764757214404615","RT @BR_Tigers54: Senior night for guys tennis üéæ is April 9th. 4:45 

Baseball is April 12th ..
 
please post on here the dates for soccer‚Ä¶",FALSE,NA,NA,"()","((screen_name . BR_Tigers54) (name . Blue Ridge Tigers) (id . 1561704145) (id_str . 1561704145) (indices . #(3 15)))","()","en","recent","<a href=""http://twitter.com/download/iphone"" rel=""nofollow"">Twitter for iPhone</a>",NA,NA,NA,NA,NA,1707943765,"1707943765","Joshua G Phillips","Coach_Phillips1","Greenville,SC","Blue Ridge High School Fighting Tigers Offensive Coordinator, AFCA Member, & NFL Liaison, Former ESPN-Upstate Co-Host, Spent 10 years coaching college football.","https://t.co/f1v1nwU3j1","()",FALSE,802,296,15,"Wed Aug 28 18:09:29 +0000 2013",192,NA,NA,FALSE,FALSE,12260,"en",FALSE,FALSE,FALSE,"000000","http://abs.twimg.com/images/themes/theme1/bg.png","https://abs.twimg.com/images/themes/theme1/bg.png",FALSE,"http://pbs.twimg.com/profile_images/1053724736004521986/zVX41D6h_normal.jpg","https://pbs.twimg.com/profile_images/1053724736004521986/zVX41D6h_normal.jpg","https://pbs.twimg.com/profile_banners/1707943765/1541277665","1B95E0","000000","000000","000000",FALSE,TRUE,FALSE,FALSE,FALSE,FALSE,FALSE,"none",NA,NA,NA,NA,FALSE,1,0,FALSE,FALSE,"en"
"Mon Apr 01 17:12:46 +0000 2019",1112764754018426881,"1112764754018426881","EVERTON Third 2010-2011 (S) Le Coq Sportif FOOTBALL SHIRT 
17,99 $
https://t.co/dMTG3yqtgU #footballshirt #soccer‚Ä¶ https://t.co/2NsF4u4Mm3",TRUE,"footballshirt","91","()","()","((url . https://t.co/dMTG3yqtgU) (expanded_url . https://www.ebay.com/itm/173859043147) (display_url . ebay.com/itm/1738590431‚Ä¶) (indices . #(67 90)))","en","recent","<a href=""http://twitter.com"" rel=""nofollow"">Twitter Web Client</a>",NA,NA,NA,NA,NA,910437806014689281,"910437806014689281","BOUTIQUE  SHOPMANIA","boutiqueshopman","J≈´rmala, Latvia","CHIC BOUTIQUE THAT SELLS VINTAGE AND FANCY CLOTHING, AND A LOT OF OTHER INTERESTING THINGS.
ENJOY! Happy Shopping!
Have a Nice Day!","https://t.co/YXsTf89X4I","()",FALSE,14,21,1,"Wed Sep 20 09:37:42 +0000 2017",63,NA,NA,FALSE,FALSE,1635,"ru",FALSE,FALSE,FALSE,"F5F8FA",NA,NA,FALSE,"http://pbs.twimg.com/profile_images/910440351269310464/VvYn3UZ5_normal.jpg","https://pbs.twimg.com/profile_images/910440351269310464/VvYn3UZ5_normal.jpg","https://pbs.twimg.com/profile_banners/910437806014689281/1505906005","1DA1F2","C0DEED","DDEEF6","333333",TRUE,TRUE,TRUE,FALSE,FALSE,FALSE,FALSE,"none",NA,NA,NA,NA,FALSE,0,0,FALSE,FALSE,"en"
"Mon Apr 01 17:12:44 +0000 2019",1112764746825113601,"1112764746825113601","RT @DivineChildAthl: Good luck this afternoon to our JV Soccer team as they host AA Huron at 430!  Come out to support our Falcons!! @DCFal‚Ä¶",FALSE,NA,NA,"()","((screen_name . DivineChildAthl) (name . DCHS Athletics) (id . 2513307721) (id_str . 2513307721) (indices . #(3 19)))","()","en","recent","<a href=""https://about.twitter.com/products/tweetdeck"" rel=""nofollow"">TweetDeck</a>",NA,NA,NA,NA,NA,71948646,"71948646","Nick Celeski","nceleski","Detroit","Dad, Husband, Friend, Coach, Player, Soccer, Spurs, Tigers, Pistons, Red Wings",NA,"()",FALSE,32,446,2,"Sun Sep 06 02:40:35 +0000 2009",39,NA,NA,FALSE,FALSE,239,"en",FALSE,FALSE,FALSE,"0099B9","http://abs.twimg.com/images/themes/theme4/bg.gif","https://abs.twimg.com/images/themes/theme4/bg.gif",FALSE,"http://pbs.twimg.com/profile_images/378800000336912660/e75a471925551bbd6af8310d06a8a9d0_normal.png","https://pbs.twimg.com/profile_images/378800000336912660/e75a471925551bbd6af8310d06a8a9d0_normal.png","https://pbs.twimg.com/profile_banners/71948646/1436556548","0099B9","5ED4DC","95E8EC","3C3940",TRUE,FALSE,FALSE,FALSE,FALSE,FALSE,FALSE,"none",NA,NA,NA,NA,FALSE,1,0,FALSE,FALSE,"en"
"Mon Apr 01 17:12:41 +0000 2019",1112764733671784448,"1112764733671784448","RT @SatisfyingLoops: https://t.co/fZ0Xgtt1AS",FALSE,NA,NA,"()","((screen_name . SatisfyingLoops) (name . Satisfying Loops) (id . 1060352592033677314) (id_str . 1060352592033677314) (indices . #(3 19)))","()","und","recent","<a href=""http://twitter.com/download/iphone"" rel=""nofollow"">Twitter for iPhone</a>",NA,NA,NA,NA,NA,498398935,"498398935","Alexis Marquez","Soccer_timee","","family never dies | Tüíï|",NA,"()",FALSE,778,754,6,"Tue Feb 21 00:57:17 +0000 2012",58162,NA,NA,TRUE,FALSE,88706,"en",FALSE,FALSE,FALSE,"1A1B1F","http://abs.twimg.com/images/themes/theme9/bg.gif","https://abs.twimg.com/images/themes/theme9/bg.gif",FALSE,"http://pbs.twimg.com/profile_images/1109926658688077825/6Lo4c3q1_normal.jpg","https://pbs.twimg.com/profile_images/1109926658688077825/6Lo4c3q1_normal.jpg","https://pbs.twimg.com/profile_banners/498398935/1553797428","2FC2EF","181A1E","252429","666666",TRUE,TRUE,FALSE,FALSE,FALSE,FALSE,FALSE,"none",NA,NA,NA,NA,FALSE,209,0,FALSE,FALSE,"und"
"Mon Apr 01 17:12:38 +0000 2019",1112764722296901635,"1112764722296901635","I also want to update more sports history. We've had dominant Soccer teams, Girls Basketball and volleyball teams!",FALSE,NA,NA,"()","()","()","en","recent","<a href=""http://twitter.com"" rel=""nofollow"">Twitter Web Client</a>",1112764608073355266,"1112764608073355266",545358389,"545358389","34Carl34",545358389,"545358389","Carl Sorrentino","34Carl34","New York","Sports Fanatic, A Proud Bluejay, Lexington School for the Deaf Athletic Director. Never make a choice for others, do it for yourself.","https://t.co/A4gHJmUh5A","()",FALSE,893,1358,4,"Wed Apr 04 18:56:05 +0000 2012",2458,NA,NA,FALSE,FALSE,8793,"en",FALSE,FALSE,FALSE,"C0DEED","http://abs.twimg.com/images/themes/theme1/bg.png","https://abs.twimg.com/images/themes/theme1/bg.png",FALSE,"http://pbs.twimg.com/profile_images/3751265974/d75fcf3ca13be8ca20d728cf73527d42_normal.jpeg","https://pbs.twimg.com/profile_images/3751265974/d75fcf3ca13be8ca20d728cf73527d42_normal.jpeg","https://pbs.twimg.com/profile_banners/545358389/1358504172","1DA1F2","C0DEED","DDEEF6","333333",TRUE,FALSE,TRUE,FALSE,FALSE,FALSE,FALSE,"none",NA,NA,NA,NA,FALSE,0,0,FALSE,FALSE,"en"
"Mon Apr 01 17:12:38 +0000 2019",1112764721994727424,"1112764721994727424","RT @DarkHorses14: TNC CUP ‚öΩÔ∏è

Game 2: Akaun A vs Sport Rec
Venue: Soccer Field in front of DATC
Time: 8.30pm-10.00pm

Come and support our‚Ä¶",FALSE,NA,NA,"()","((screen_name . DarkHorses14) (name . DarkHorses) (id . 3774906079) (id_str . 3774906079) (indices . #(3 16)))","()","en","recent","<a href=""http://twitter.com/download/android"" rel=""nofollow"">Twitter for Android</a>",NA,NA,NA,NA,NA,2683865936,"2683865936","üê±","gator_raziq","","stay strong",NA,"()",FALSE,190,116,1,"Sun Jul 27 02:04:53 +0000 2014",803,NA,NA,FALSE,FALSE,2243,"en",FALSE,FALSE,FALSE,"000000","http://abs.twimg.com/images/themes/theme1/bg.png","https://abs.twimg.com/images/themes/theme1/bg.png",FALSE,"http://pbs.twimg.com/profile_images/963307411682377728/OOLDQFIp_normal.jpg","https://pbs.twimg.com/profile_images/963307411682377728/OOLDQFIp_normal.jpg","https://pbs.twimg.com/profile_banners/2683865936/1550411114","19CF86","000000","000000","000000",FALSE,TRUE,FALSE,FALSE,FALSE,FALSE,FALSE,"none",NA,NA,NA,NA,FALSE,14,0,FALSE,FALSE,"en"
"Mon Apr 01 17:12:34 +0000 2019",1112764704995401729,"1112764704995401729","RT @YannisLBJMA: Soccer ??

p√©lo t'as grandi √† Bron pas √† Compton
https://t.co/6kUTWHMWMy",FALSE,NA,NA,"()","((screen_name . YannisLBJMA) (name . .) (id . 837771676167340033) (id_str . 837771676167340033) (indices . #(3 15)))","((url . https://t.co/6kUTWHMWMy) (expanded_url . https://twitter.com/Benzema/status/1112475838140813315) (display_url . twitter.com/Benzema/status‚Ä¶) (indices . #(66 89)))","fr","recent","<a href=""http://twitter.com/download/iphone"" rel=""nofollow"">Twitter for iPhone</a>",NA,NA,NA,NA,NA,2894943957,"2894943957","Thomas","Thomas_v79","Niort, France","E",NA,"()",FALSE,204,231,8,"Thu Nov 27 18:48:08 +0000 2014",6391,NA,NA,FALSE,FALSE,14758,"fr",FALSE,FALSE,FALSE,"C0DEED","http://abs.twimg.com/images/themes/theme1/bg.png","https://abs.twimg.com/images/themes/theme1/bg.png",FALSE,"http://pbs.twimg.com/profile_images/1058150149149601792/SRBaOSGB_normal.jpg","https://pbs.twimg.com/profile_images/1058150149149601792/SRBaOSGB_normal.jpg","https://pbs.twimg.com/profile_banners/2894943957/1540926937","1DA1F2","C0DEED","DDEEF6","333333",TRUE,TRUE,TRUE,FALSE,FALSE,FALSE,FALSE,"none",NA,NA,NA,NA,TRUE,347,0,FALSE,FALSE,"fr"
"Mon Apr 01 17:12:33 +0000 2019",1112764702042525696,"1112764702042525696","RT @Ga_Revolution: So let‚Äôs sum up what happened this weekend!!üèÜüôåüèº
Revs Reserves win their game 5-1 to clinch the Division 1 @adasl_soccer‚Ä¶",FALSE,NA,NA,"()","((screen_name . Ga_Revolution) (name . Georgia Revolution FC) (id . 246581569) (id_str . 246581569) (indices . #(3 17)))","()","en","recent","<a href=""http://twitter.com/download/iphone"" rel=""nofollow"">Twitter for iPhone</a>",NA,NA,NA,NA,NA,721756944936091652,"721756944936091652","GA Revs Espa√±ol","Espanol_GARevs","McDonough, GA","Georgia Revolution FC es un equipo de F√∫tbol Semi-Pro y miembro de la liga NPSL. Los partidos se juegan en Henry County, GA","https://t.co/142YFMWhw3","()",FALSE,109,307,0,"Sun Apr 17 17:47:20 +0000 2016",1354,NA,NA,FALSE,FALSE,1086,"en",FALSE,FALSE,FALSE,"F5F8FA",NA,NA,FALSE,"http://pbs.twimg.com/profile_images/721758484551901185/Q_bKmYF1_normal.jpg","https://pbs.twimg.com/profile_images/721758484551901185/Q_bKmYF1_normal.jpg","https://pbs.twimg.com/profile_banners/721756944936091652/1460915694","1DA1F2","C0DEED","DDEEF6","333333",TRUE,FALSE,TRUE,FALSE,FALSE,FALSE,FALSE,"none",NA,NA,NA,NA,FALSE,3,0,FALSE,FALSE,"en"
"Mon Apr 01 17:12:31 +0000 2019",1112764693821579270,"1112764693821579270","RT @CoachFore: This just might be the greatest thing, nope, this IS the greatest thing I‚Äôve ever seen on a soccer field!!! https://t.co/pmB‚Ä¶",FALSE,NA,NA,"()","((screen_name . CoachFore) (name . Chris Fore, MA, CAA) (id . 297195923) (id_str . 297195923) (indices . #(3 13)))","()","en","recent","<a href=""http://twitter.com/download/android"" rel=""nofollow"">Twitter for Android</a>",NA,NA,NA,NA,NA,954408468,"954408468","Jerald Pierucci","forceuser64","","Son of God, Husband, Dad, Coach",NA,"()",FALSE,604,242,15,"Sat Nov 17 22:16:28 +0000 2012",12319,NA,NA,TRUE,FALSE,8707,"en",FALSE,FALSE,FALSE,"C0DEED","http://abs.twimg.com/images/themes/theme1/bg.png","https://abs.twimg.com/images/themes/theme1/bg.png",FALSE,"http://pbs.twimg.com/profile_images/932033835239325696/G0XQD3eV_normal.jpg","https://pbs.twimg.com/profile_images/932033835239325696/G0XQD3eV_normal.jpg","https://pbs.twimg.com/profile_banners/954408468/1432067151","1DA1F2","C0DEED","DDEEF6","333333",TRUE,FALSE,TRUE,FALSE,FALSE,FALSE,FALSE,"none",NA,NA,NA,NA,TRUE,5,0,FALSE,FALSE,"en"
"Mon Apr 01 17:12:31 +0000 2019",1112764693536366592,"1112764693536366592","@ghost_rooney @SJDoerr @jonbakero7 @PHXRisingFC @USLChampionship This, while true, reads like a soccer words madlib",FALSE,NA,NA,"()","((screen_name . ghost_rooney) (name . The Ghost Of Luke Rooney) (id . 1007103568111796224) (id_str . 1007103568111796224) (indices . #(0 13)))","()","en","recent","<a href=""http://twitter.com"" rel=""nofollow"">Twitter Web Client</a>",1112764216644034560,"1112764216644034560",1007103568111796224,"1007103568111796224","ghost_rooney",884707518345134080,"884707518345134080","·ÑÇ”®–¶·ÑÉI∆¨Y –üŒõ∆¨I”®–ü","PhxRisingNation","Flavortown","100% üçÜüåΩ  ||  as seen on @loucityfanshow  ||  not an actual country","https://t.co/Ws6lw7iy09","()",FALSE,602,175,6,"Tue Jul 11 09:34:44 +0000 2017",26164,NA,NA,FALSE,FALSE,9633,"en",FALSE,FALSE,FALSE,"F5F8FA",NA,NA,FALSE,"http://pbs.twimg.com/profile_images/1112628136603078656/fA9Z-ani_normal.jpg","https://pbs.twimg.com/profile_images/1112628136603078656/fA9Z-ani_normal.jpg","https://pbs.twimg.com/profile_banners/884707518345134080/1554106120","1DA1F2","C0DEED","DDEEF6","333333",TRUE,TRUE,TRUE,FALSE,FALSE,FALSE,FALSE,"none",NA,NA,NA,NA,FALSE,0,0,FALSE,FALSE,"en"
"Mon Apr 01 17:12:30 +0000 2019",1112764687647674371,"1112764687647674371","Malmo FF vs BK Hacken Soccer [HD] Live Stream - 01-Apr - Sweden Allsvenskan https://t.co/OzdzuNeqrt",FALSE,NA,NA,"()","()","((url . https://t.co/OzdzuNeqrt) (expanded_url . http://sportspaandu.com/2019/04/Malmo-FF-vs-BK-Hacken-Soccer-Live-Stream-01-Apr-Sweden-Allsvenskan) (display_url . sportspaandu.com/2019/04/Malmo-‚Ä¶) (indices . #(76 99)))","sv","recent","<a href=""https://about.twitter.com/products/tweetdeck"" rel=""nofollow"">TweetDeck</a>",NA,NA,NA,NA,NA,1107579792893722624,"1107579792893722624","franklin","frankli45089379","","",NA,"()",FALSE,2,13,0,"Mon Mar 18 09:49:35 +0000 2019",0,NA,NA,FALSE,FALSE,1702,"en",FALSE,FALSE,FALSE,"F5F8FA",NA,NA,FALSE,"http://pbs.twimg.com/profile_images/1107893536744067077/9MTjL8cg_normal.png","https://pbs.twimg.com/profile_images/1107893536744067077/9MTjL8cg_normal.png",NA,"1DA1F2","C0DEED","DDEEF6","333333",TRUE,FALSE,TRUE,FALSE,FALSE,FALSE,FALSE,"none",NA,NA,NA,NA,FALSE,0,0,FALSE,FALSE,"sv"
"Mon Apr 01 17:12:30 +0000 2019",1112764686326358017,"1112764686326358017","We still have that warm fuzzy feeling in our hearts now that @okcpoliceathleticleague Soccer Leauge started this pa‚Ä¶ https://t.co/6tsyngUFqQ",TRUE,NA,NA,"()","()","((url . https://t.co/6tsyngUFqQ) (expanded_url . https://twitter.com/i/web/status/1112764686326358017) (display_url . twitter.com/i/web/status/1‚Ä¶) (indices . #(117 140)))","en","recent","<a href=""http://twitter.com/download/android"" rel=""nofollow"">Twitter for Android</a>",NA,NA,NA,NA,NA,988412573249953792,"988412573249953792","The Futbol Factory_OK","TheFFOK","Oklahoma City, OK","‚öΩÔ∏èüì≤Your headquarters for Oklahoma Futbol training and news! #OKCSoccer #OKCFutbol #OKCSoccerCommunity #EmpoweringOurYouthThroughSoccer","https://t.co/zT2otNhshE","()",FALSE,518,3151,0,"Mon Apr 23 13:41:36 +0000 2018",2832,NA,NA,TRUE,FALSE,1582,"en",FALSE,FALSE,FALSE,"F5F8FA",NA,NA,FALSE,"http://pbs.twimg.com/profile_images/1003414601034280961/HviAA8W9_normal.jpg","https://pbs.twimg.com/profile_images/1003414601034280961/HviAA8W9_normal.jpg","https://pbs.twimg.com/profile_banners/988412573249953792/1533058114","1DA1F2","C0DEED","DDEEF6","333333",TRUE,FALSE,TRUE,FALSE,FALSE,FALSE,FALSE,"none",NA,NA,NA,NA,FALSE,0,0,FALSE,FALSE,"en"
"Mon Apr 01 17:12:29 +0000 2019",1112764684485177346,"1112764684485177346","Geloof mij: Moise Kean gaat een topspeler worden in zowel Itali√´ als in Europa./Mark my words: Moise Kean becomes a‚Ä¶ https://t.co/MnEOppuGld",TRUE,NA,NA,"()","()","((url . https://t.co/MnEOppuGld) (expanded_url . https://twitter.com/i/web/status/1112764684485177346) (display_url . twitter.com/i/web/status/1‚Ä¶) (indices . #(117 140)))","nl","recent","<a href=""http://twitter.com/download/android"" rel=""nofollow"">Twitter for Android</a>",NA,NA,NA,NA,NA,1007488375606169600,"1007488375606169600","Devin ter Haar","MeneerDevin","","A big Juventus fan! I love soccer and photography.",NA,"()",FALSE,2,36,0,"Fri Jun 15 05:02:01 +0000 2018",4,NA,NA,FALSE,FALSE,17,"nl",FALSE,FALSE,FALSE,"F5F8FA",NA,NA,FALSE,"http://pbs.twimg.com/profile_images/1059529274942808064/V7VKBiSm_normal.jpg","https://pbs.twimg.com/profile_images/1059529274942808064/V7VKBiSm_normal.jpg","https://pbs.twimg.com/profile_banners/1007488375606169600/1541446498","1DA1F2","C0DEED","DDEEF6","333333",TRUE,FALSE,TRUE,FALSE,FALSE,FALSE,FALSE,"none",NA,NA,NA,NA,FALSE,0,0,FALSE,FALSE,"nl"
"Mon Apr 01 17:12:29 +0000 2019",1112764684137123841,"1112764684137123841","RT @NutmegRadio: It is more expensive to watch the USMNT than world champions France.  https://t.co/7fAL1SeyRd",FALSE,NA,NA,"()","((screen_name . NutmegRadio) (name . Miriti Murungi) (id . 68542597) (id_str . 68542597) (indices . #(3 15)))","((url . https://t.co/7fAL1SeyRd) (expanded_url . https://www.theguardian.com/football/2019/mar/27/usmnt-ticket-prices-soccer-usa-chile) (display_url . theguardian.com/football/2019/‚Ä¶) (indices . #(87 110)))","en","recent","<a href=""http://twitter.com"" rel=""nofollow"">Twitter Web Client</a>",NA,NA,NA,NA,NA,427515851,"427515851","Samuel Oakford","samueloakford","NYC","last: investigator @Airwars. work: @irinnews @theintercept @POLITICOMag, @ForeignPolicy, @nytimes. old: UN @vicenews |  samueloakford@protonmail.com",NA,"()",FALSE,19810,3505,751,"Sat Dec 03 16:37:42 +0000 2011",60808,NA,NA,TRUE,TRUE,51637,"en",FALSE,FALSE,FALSE,"DBE9ED","http://abs.twimg.com/images/themes/theme10/bg.gif","https://abs.twimg.com/images/themes/theme10/bg.gif",FALSE,"http://pbs.twimg.com/profile_images/968227906638901248/BFuKpfSt_normal.jpg","https://pbs.twimg.com/profile_images/968227906638901248/BFuKpfSt_normal.jpg","https://pbs.twimg.com/profile_banners/427515851/1410726587","1B95E0","FFFFFF","7AC3EE","3D1957",TRUE,TRUE,FALSE,FALSE,FALSE,FALSE,FALSE,"regular",NA,NA,NA,NA,FALSE,6,0,FALSE,FALSE,"en"
"Mon Apr 01 17:12:27 +0000 2019",1112764673928105985,"1112764673928105985","Orlando City Soccer Club Sponsorship https://t.co/NbDIn1Y5Z2",FALSE,NA,NA,"()","()","((url . https://t.co/NbDIn1Y5Z2) (expanded_url . http://bit.ly/2Vb3cu6) (display_url . bit.ly/2Vb3cu6) (indices . #(37 60)))","en","recent","<a href=""http://dynamicsignal.com/"" rel=""nofollow"">Dynamic Signal</a>",NA,NA,NA,NA,NA,30926455,"30926455","Ramiro Ruiz","Heat2daCore","Ramiro's World","",NA,"()",FALSE,96,285,1,"Mon Apr 13 18:43:16 +0000 2009",90,NA,NA,TRUE,FALSE,1591,"en",FALSE,FALSE,FALSE,"C0DEED","http://abs.twimg.com/images/themes/theme1/bg.png","https://abs.twimg.com/images/themes/theme1/bg.png",FALSE,"http://pbs.twimg.com/profile_images/549612208230248448/wRd8HnFE_normal.jpeg","https://pbs.twimg.com/profile_images/549612208230248448/wRd8HnFE_normal.jpeg","https://pbs.twimg.com/profile_banners/30926455/1458092923","0084B4","C0DEED","DDEEF6","333333",FALSE,TRUE,FALSE,FALSE,FALSE,FALSE,FALSE,"none",NA,NA,NA,NA,FALSE,0,0,FALSE,FALSE,"en"
"Mon Apr 01 17:12:24 +0000 2019",1112764664771862529,"1112764664771862529","‚óÜ ÌååÌä∏ 3, 4 Ìå®Îü¨ÌîÑÎ†àÏù¥Ï¶à
‚òÖ‚òÖ ÏãúÏû• mayor = government official Ï†ïÎ∂Ä Í¥ÄÎ¶¨[Í≥µÎ¨¥Ïõê] = city official Ïãú Í≥µÎ¨¥Ïõê = a local politician ÏßÄÏó≠ Ï†ïÏπòÍ∞Ä
app‚Ä¶ https://t.co/fQhp0v5Wud",TRUE,NA,NA,"()","()","((url . https://t.co/fQhp0v5Wud) (expanded_url . https://twitter.com/i/web/status/1112764664771862529) (display_url . twitter.com/i/web/status/1‚Ä¶) (indices . #(117 140)))","ko","recent","<a href=""http://twittbot.net/"" rel=""nofollow"">twittbot.net</a>",NA,NA,NA,NA,NA,167913732,"167913732","ÏµúÏßÑÌò∏, ÌÜ†Ïùµ ÎßåÏ†êÍ∞ïÏÇ¨","toeicguru","Seoul","ÌÜ†Ïùµ 80Ìöå ÎßåÏ†êÍ∞ïÏÇ¨ ÌÜ†ÏùµÍ≥ºÏô∏ Î¨∏Ïùò Ïπ¥ÌÜ°: toeicguru  Î¨∏Ïûê: 010-4925-2462","http://t.co/VYKT9ZtNol","()",FALSE,267,145,4,"Sat Jul 17 21:41:32 +0000 2010",40,NA,NA,FALSE,FALSE,69955,"en",FALSE,FALSE,FALSE,"C0DEED","http://abs.twimg.com/images/themes/theme1/bg.png","https://abs.twimg.com/images/themes/theme1/bg.png",TRUE,"http://pbs.twimg.com/profile_images/800421970382684161/KJpxcn4x_normal.jpg","https://pbs.twimg.com/profile_images/800421970382684161/KJpxcn4x_normal.jpg","https://pbs.twimg.com/profile_banners/167913732/1400140064","0084B4","C0DEED","DDEEF6","333333",TRUE,FALSE,FALSE,FALSE,FALSE,FALSE,FALSE,"none",NA,NA,NA,NA,FALSE,0,0,FALSE,FALSE,"ko"
"Mon Apr 01 17:12:21 +0000 2019",1112764648531603456,"1112764648531603456","@rmcfhawaii Say it louder sis üòÅ we LOVE soccer",FALSE,NA,NA,"()","((screen_name . rmcfhawaii) (name . KB9 SAID SOCCER SO I SAY SOCCER) (id . 941846218438721536) (id_str . 941846218438721536) (indices . #(0 11)))","()","en","recent","<a href=""http://twitter.com/download/iphone"" rel=""nofollow"">Twitter for iPhone</a>",1112764258620575744,"1112764258620575744",941846218438721536,"941846218438721536","rmcfhawaii",2267737440,"2267737440","Krisüíç","thomasxtoni","","|FC Bayern M√ºnchen|Thomas M√ºller|Toni Kroos|",NA,"()",FALSE,3644,843,56,"Sun Dec 29 18:22:28 +0000 2013",302361,NA,NA,FALSE,FALSE,69124,"en",FALSE,FALSE,FALSE,"C0DEED","http://abs.twimg.com/images/themes/theme1/bg.png","https://abs.twimg.com/images/themes/theme1/bg.png",TRUE,"http://pbs.twimg.com/profile_images/1104845927880237056/21iQ6WQc_normal.jpg","https://pbs.twimg.com/profile_images/1104845927880237056/21iQ6WQc_normal.jpg","https://pbs.twimg.com/profile_banners/2267737440/1553269285","ABB8C2","FFFFFF","DDEEF6","333333",TRUE,TRUE,FALSE,FALSE,FALSE,FALSE,FALSE,"regular",NA,NA,NA,NA,FALSE,0,2,FALSE,FALSE,"en"
"Mon Apr 01 17:12:19 +0000 2019",1112764640377925637,"1112764640377925637","Demand high for indoor soccer and beer complex in West Sac https://t.co/bvs8A3HeJl https://t.co/YmoWk6Whao",FALSE,NA,NA,"()","()","((url . https://t.co/bvs8A3HeJl) (expanded_url . http://bit.ly/2JS4FEm) (display_url . bit.ly/2JS4FEm) (indices . #(59 82)))","en","recent","<a href=""http://trueanthem.com/"" rel=""nofollow"">trueAnthem</a>",NA,NA,NA,NA,NA,14749520,"14749520","kcranews","kcranews","Sacramento, CA","Northern California breaking news weather and sports","https://t.co/3ad52b9O3R","()",FALSE,224939,653,1639,"Mon May 12 20:48:16 +0000 2008",357,NA,NA,TRUE,TRUE,222545,"en",FALSE,FALSE,FALSE,"000000","http://abs.twimg.com/images/themes/theme1/bg.png","https://abs.twimg.com/images/themes/theme1/bg.png",FALSE,"http://pbs.twimg.com/profile_images/970546652158205952/Umm15zX3_normal.jpg","https://pbs.twimg.com/profile_images/970546652158205952/Umm15zX3_normal.jpg","https://pbs.twimg.com/profile_banners/14749520/1520218545","0000FF","FFFFFF","E0E0E0","000000",TRUE,FALSE,FALSE,FALSE,FALSE,FALSE,FALSE,"none",NA,NA,NA,NA,FALSE,0,0,FALSE,FALSE,"en"
"Mon Apr 01 17:12:16 +0000 2019",1112764629988634624,"1112764629988634624","RT @devitopapi: How I‚Äôm trynna to be all summer long ! https://t.co/vvjwUuUxMR",FALSE,NA,NA,"()","((screen_name . devitopapi) (name . AMOSC: DEVITOPAPI) (id . 2246836182) (id_str . 2246836182) (indices . #(3 14)))","()","en","recent","<a href=""http://twitter.com/download/iphone"" rel=""nofollow"">Twitter for iPhone</a>",NA,NA,NA,NA,NA,498398935,"498398935","Alexis Marquez","Soccer_timee","","family never dies | Tüíï|",NA,"()",FALSE,778,754,6,"Tue Feb 21 00:57:17 +0000 2012",58162,NA,NA,TRUE,FALSE,88706,"en",FALSE,FALSE,FALSE,"1A1B1F","http://abs.twimg.com/images/themes/theme9/bg.gif","https://abs.twimg.com/images/themes/theme9/bg.gif",FALSE,"http://pbs.twimg.com/profile_images/1109926658688077825/6Lo4c3q1_normal.jpg","https://pbs.twimg.com/profile_images/1109926658688077825/6Lo4c3q1_normal.jpg","https://pbs.twimg.com/profile_banners/498398935/1553797428","2FC2EF","181A1E","252429","666666",TRUE,TRUE,FALSE,FALSE,FALSE,FALSE,FALSE,"none",NA,NA,NA,NA,FALSE,1684,0,FALSE,FALSE,"en"
"Mon Apr 01 17:12:15 +0000 2019",1112764625672695808,"1112764625672695808","„Äê„Çµ„ÉÉ„Ç´„Éº„Äë„ÄêÊÇ≤Â†±„Äë„É¨„Ç¢„É´Áõ£Áù£„ÅÆ„Ç∏„ÉÄ„É≥„Åï„Çì‚Ä¶„ÄÅÊÅØÂ≠ê„Çí„Çπ„Çø„É°„É≥„Å®„Åó„Å¶Ëµ∑Áî®„Åó„ÅüÁµêÊûúÔΩóÔΩóÔΩóÔΩó ‚Üí„Å§„Å•„Åçhttps://t.co/2fohIOXqBN„ÄÄby„Çµ„ÉÉ„Ç´„ÉºÊúÄÊñ∞„Éà„É¨„É≥„Éâ #J„É™„Éº„Ç∞ https://t.co/AJXh6EU2di",FALSE,"J„É™„Éº„Ç∞","85","()","()","((url . https://t.co/2fohIOXqBN) (expanded_url . http://soccer.olympictokyo2020.jpn.com/?p=106795) (display_url . soccer.olympictokyo2020.jpn.com/?p=106795) (indices . #(48 71)))","ja","recent","<a href=""https://ifttt.com"" rel=""nofollow"">IFTTT</a>",NA,NA,NA,NA,NA,723904083308896256,"723904083308896256","„Çµ„ÉÉ„Ç´„ÉºÊúÄÊñ∞„Éà„É¨„É≥„Éâ","picupnews2","","„Çµ„ÉÉ„Ç´„Éº„Å´Èñ¢„Åô„ÇãÊó¨„Å™„Éã„É•„Éº„Çπ„Çí„Åæ„Å®„ÇÅ„Å¶„Å§„Å∂„ÇÑ„Åç„Åæ„Åô„ÄÇ„Åø„Çì„Å™„ÅßÊó•Êú¨„Çµ„ÉÉ„Ç´„Éº„ÇíÂøúÊè¥„Åó„Åæ„Åó„Çá„ÅÜÔºÅ
#„Çµ„ÉÉ„Ç´„Éº,#J„É™„Éº„Ç∞","https://t.co/pHn9w1FmK2","()",FALSE,1126,1685,1,"Sat Apr 23 15:59:17 +0000 2016",0,NA,NA,FALSE,FALSE,85315,"ja",FALSE,FALSE,FALSE,"F5F8FA",NA,NA,FALSE,"http://pbs.twimg.com/profile_images/982991808606031878/LKIQHRR1_normal.jpg","https://pbs.twimg.com/profile_images/982991808606031878/LKIQHRR1_normal.jpg","https://pbs.twimg.com/profile_banners/723904083308896256/1523198471","1DA1F2","C0DEED","DDEEF6","333333",TRUE,FALSE,TRUE,FALSE,FALSE,FALSE,FALSE,"none",NA,NA,NA,NA,FALSE,0,0,FALSE,FALSE,"ja"
"Mon Apr 01 17:12:15 +0000 2019",1112764624192053249,"1112764624192053249","Toronto Muslims want soccer played by sharia¬†rules https://t.co/AMB7tWaOrY https://t.co/dTmgwgt0cZ",FALSE,NA,NA,"()","()","((url . https://t.co/AMB7tWaOrY) (expanded_url . http://www.youtube.com/watch?feature=player_embedded&v=Q_jo1H2egj8) (display_url . youtube.com/watch?feature=‚Ä¶) (indices . #(51 74)))","en","recent","<a href=""http://publicize.wp.com/"" rel=""nofollow"">WordPress.com</a>",NA,NA,NA,NA,NA,206819366,"206819366","NewWestCity","NewWestCity","News Network","World News","https://t.co/QnN68Zpkvv","()",FALSE,273,796,7,"Sat Oct 23 20:12:46 +0000 2010",26,NA,NA,FALSE,FALSE,9431,"en",FALSE,FALSE,FALSE,"131516","http://abs.twimg.com/images/themes/theme14/bg.gif","https://abs.twimg.com/images/themes/theme14/bg.gif",TRUE,"http://pbs.twimg.com/profile_images/1112530286904897536/IAIlI397_normal.png","https://pbs.twimg.com/profile_images/1112530286904897536/IAIlI397_normal.png","https://pbs.twimg.com/profile_banners/206819366/1552788861","1B95E0","FFFFFF","DDEEF6","333333",TRUE,FALSE,FALSE,FALSE,FALSE,FALSE,FALSE,"none",NA,NA,NA,NA,FALSE,0,0,FALSE,FALSE,"en"
"Mon Apr 01 17:12:14 +0000 2019",1112764623181107200,"1112764623181107200","Orlando City Soccer Club Sponsorship https://t.co/LditGNGbMJ",FALSE,NA,NA,"()","()","((url . https://t.co/LditGNGbMJ) (expanded_url . http://bit.ly/2CKIiL6) (display_url . bit.ly/2CKIiL6) (indices . #(37 60)))","en","recent","<a href=""http://dynamicsignal.com/"" rel=""nofollow"">Dynamic Signal</a>",NA,NA,NA,NA,NA,30926455,"30926455","Ramiro Ruiz","Heat2daCore","Ramiro's World","",NA,"()",FALSE,96,285,1,"Mon Apr 13 18:43:16 +0000 2009",90,NA,NA,TRUE,FALSE,1591,"en",FALSE,FALSE,FALSE,"C0DEED","http://abs.twimg.com/images/themes/theme1/bg.png","https://abs.twimg.com/images/themes/theme1/bg.png",FALSE,"http://pbs.twimg.com/profile_images/549612208230248448/wRd8HnFE_normal.jpeg","https://pbs.twimg.com/profile_images/549612208230248448/wRd8HnFE_normal.jpeg","https://pbs.twimg.com/profile_banners/30926455/1458092923","0084B4","C0DEED","DDEEF6","333333",FALSE,TRUE,FALSE,FALSE,FALSE,FALSE,FALSE,"none",NA,NA,NA,NA,FALSE,0,0,FALSE,FALSE,"en"
